<?xml version="1.0" encoding="UTF-8"?>
<metadata xml:lang="es"><Esri><CreaDate>20191210</CreaDate><CreaTime>16311700</CreaTime><ArcGISFormat>1.0</ArcGISFormat><SyncOnce>FALSE</SyncOnce><DataProperties><itemProps><itemName Sync="TRUE">smtuc_calles_2019_v2.3_bk</itemName><imsContentType Sync="TRUE">002</imsContentType><itemSize Sync="TRUE">0.000</itemSize><itemLocation><linkage Sync="TRUE">file://\\DESKTOP-QFU3JO1\D$\OneDrive\Geocoding_2019\Shp\Callejero\smtuc_calles_2019_v2.3_bk</linkage><protocol Sync="TRUE">Local Area Network</protocol></itemLocation></itemProps><coordRef><type Sync="TRUE">Geographic</type><geogcsn Sync="TRUE">GCS_WGS_1984</geogcsn><csUnits Sync="TRUE">Angular Unit: Degree (0.017453)</csUnits><peXml Sync="TRUE">&lt;GeographicCoordinateSystem xsi:type='typens:GeographicCoordinateSystem' xmlns:xsi='http://www.w3.org/2001/XMLSchema-instance' xmlns:xs='http://www.w3.org/2001/XMLSchema' xmlns:typens='http://www.esri.com/schemas/ArcGIS/10.7'&gt;&lt;WKT&gt;GEOGCS[&amp;quot;GCS_WGS_1984&amp;quot;,DATUM[&amp;quot;D_WGS_1984&amp;quot;,SPHEROID[&amp;quot;WGS_1984&amp;quot;,6378137.0,298.257223563]],PRIMEM[&amp;quot;Greenwich&amp;quot;,0.0],UNIT[&amp;quot;Degree&amp;quot;,0.0174532925199433],AUTHORITY[&amp;quot;EPSG&amp;quot;,4326]]&lt;/WKT&gt;&lt;XOrigin&gt;-400&lt;/XOrigin&gt;&lt;YOrigin&gt;-400&lt;/YOrigin&gt;&lt;XYScale&gt;11258999068426.238&lt;/XYScale&gt;&lt;ZOrigin&gt;-100000&lt;/ZOrigin&gt;&lt;ZScale&gt;10000&lt;/ZScale&gt;&lt;MOrigin&gt;-100000&lt;/MOrigin&gt;&lt;MScale&gt;10000&lt;/MScale&gt;&lt;XYTolerance&gt;8.983152841195215e-09&lt;/XYTolerance&gt;&lt;ZTolerance&gt;0.001&lt;/ZTolerance&gt;&lt;MTolerance&gt;0.001&lt;/MTolerance&gt;&lt;HighPrecision&gt;true&lt;/HighPrecision&gt;&lt;LeftLongitude&gt;-180&lt;/LeftLongitude&gt;&lt;WKID&gt;4326&lt;/WKID&gt;&lt;LatestWKID&gt;4326&lt;/LatestWKID&gt;&lt;/GeographicCoordinateSystem&gt;</peXml></coordRef><lineage><Process ToolSource="c:\program files (x86)\arcgis\desktop10.5\ArcToolbox\Toolboxes\Data Management Tools.tbx\CopyFeatures" Date="20191112" Time="184722">CopyFeatures calles_smtuc_2019 "G:\OneDrive\Gis-Delito\Geocoding_2018\Capas nuevas 2018\Backup\calles_smtuc_2019.shp" # 0 0 0</Process><Process ToolSource="c:\program files (x86)\arcgis\desktop10.5\ArcToolbox\Toolboxes\Data Management Tools.tbx\CopyFeatures" Date="20191112" Time="190416">CopyFeatures "G:\OneDrive\Gis-Delito\Geocoding_2018\Capas nuevas 2018\Backup\calles_smtuc_2019.shp" "G:\OneDrive\Gis-Delito\Geocoding_2018\Capas nuevas 2018\Backup\calles_smtuc_20192.shp" # 0 0 0</Process><Process ToolSource="c:\program files (x86)\arcgis\desktop10.5\ArcToolbox\Toolboxes\Editing Tools.tbx\Snap" Date="20191112" Time="190729">Snap calles_smtuc_20192 "lineas_smtc_FeatureToPolygon EDGE '10 Meters'"</Process><Process ToolSource="c:\program files (x86)\arcgis\desktop10.5\ArcToolbox\Toolboxes\Editing Tools.tbx\Snap" Date="20191112" Time="192140">Snap calles_smtuc_20192 "lineas_smtc_FeatureToPolygon EDGE '30 Unknown'"</Process><Process ToolSource="c:\program files (x86)\arcgis\desktop10.7\ArcToolbox\Toolboxes\Editing Tools.tbx\Snap" Date="20191203" Time="185205">Snap Proyecto "lineas_smtc VERTEX '30 Meters'"</Process><Process ToolSource="c:\program files (x86)\arcgis\desktop10.7\ArcToolbox\Toolboxes\Data Management Tools.tbx\Merge" Date="20191203" Time="214851">Merge Proyecto;ipv_calles_bernabeara_Merge;ipv_calles_diag D:\OneDrive\Geocoding_2019\Shp\Callejero\smtuc_calles_2019_v1.shp "OBJECTID_1 "OBJECTID_1" true true false 10 Long 0 10 ,First,#,Proyecto,OBJECTID_1,-1,-1,ipv_calles_bernabeara_Merge,OBJECTID_1,-1,-1,ipv_calles_diag,OBJECTID_1,-1,-1;CALZADA "CALZADA" true true false 254 Text 0 0 ,First,#,Proyecto,CALZADA,-1,-1,ipv_calles_bernabeara_Merge,CALZADA,-1,-1,ipv_calles_diag,CALZADA,-1,-1;CLOACA "CLOACA" true true false 19 Double 0 0 ,First,#,Proyecto,CLOACA,-1,-1,ipv_calles_bernabeara_Merge,CLOACA,-1,-1,ipv_calles_diag,CLOACA,-1,-1;CODIGO "CODIGO" true true false 254 Text 0 0 ,First,#,Proyecto,CODIGO,-1,-1,ipv_calles_bernabeara_Merge,CODIGO,-1,-1,ipv_calles_diag,CODIGO,-1,-1;CUADRANTE "CUADRANTE" true true false 254 Text 0 0 ,First,#,Proyecto,CUADRANTE,-1,-1,ipv_calles_bernabeara_Merge,CUADRANTE,-1,-1,ipv_calles_diag,CUADRANTE,-1,-1;FROML "FROML" true true false 19 Double 0 0 ,First,#,Proyecto,FROML,-1,-1,ipv_calles_bernabeara_Merge,FROML,-1,-1,ipv_calles_diag,FROML,-1,-1;FROMR "FROMR" true true false 19 Double 0 0 ,First,#,Proyecto,FROMR,-1,-1,ipv_calles_bernabeara_Merge,FROMR,-1,-1,ipv_calles_diag,FROMR,-1,-1;GAS "GAS" true true false 19 Double 0 0 ,First,#,Proyecto,GAS,-1,-1,ipv_calles_bernabeara_Merge,GAS,-1,-1,ipv_calles_diag,GAS,-1,-1;ID "ID" true true false 19 Double 0 0 ,First,#,Proyecto,ID,-1,-1,ipv_calles_bernabeara_Merge,ID,-1,-1,ipv_calles_diag,ID,-1,-1;IDINFO "IDINFO" true true false 19 Double 0 0 ,First,#,Proyecto,IDINFO,-1,-1,ipv_calles_bernabeara_Merge,IDINFO,-1,-1,ipv_calles_diag,IDINFO,-1,-1;LONGITUD "LONGITUD" true true false 19 Double 0 0 ,First,#,Proyecto,LONGITUD,-1,-1,ipv_calles_bernabeara_Merge,LONGITUD,-1,-1,ipv_calles_diag,LONGITUD,-1,-1;NOMBRE "NOMBRE" true true false 254 Text 0 0 ,First,#,Proyecto,NOMBRE,-1,-1,ipv_calles_bernabeara_Merge,NOMBRE,-1,-1,ipv_calles_diag,NOMBRE,-1,-1;TIPO "TIPO" true true false 254 Text 0 0 ,First,#,Proyecto,TIPO,-1,-1,ipv_calles_bernabeara_Merge,TIPO,-1,-1,ipv_calles_diag,TIPO,-1,-1;MUNICIPIO "MUNICIPIO" true true false 254 Text 0 0 ,First,#,Proyecto,MUNICIPIO,-1,-1,ipv_calles_bernabeara_Merge,MUNICIPIO,-1,-1,ipv_calles_diag,MUNICIPIO,-1,-1;RED_ELECTR "RED_ELECTR" true true false 10 Long 0 10 ,First,#,Proyecto,RED_ELECTR,-1,-1,ipv_calles_bernabeara_Merge,RED_ELECTR,-1,-1,ipv_calles_diag,RED_ELECTR,-1,-1;ALTURA_1 "ALTURA_1" true true false 254 Text 0 0 ,First,#,Proyecto,ALTURA_1,-1,-1,ipv_calles_bernabeara_Merge,ALTURA_1,-1,-1,ipv_calles_diag,ALTURA_1,-1,-1;Shape_Leng "Shape_Leng" false true true 8 Double 0 0 ,First,#,ipv_calles_bernabeara_Merge,Shape_Length,-1,-1"</Process><Process ToolSource="c:\program files (x86)\arcgis\desktop10.7\ArcToolbox\Toolboxes\Data Management Tools.tbx\RepairGeometry" Date="20191205" Time="184432">RepairGeometry smtuc_calles_2019_v2.2 DELETE_NULL</Process><Process ToolSource="c:\program files (x86)\arcgis\desktop10.7\ArcToolbox\Toolboxes\Data Management Tools.tbx\CalculateField" Date="20191205" Time="195804">CalculateField smtuc_calles_2019_v2.2 NOMBRE1 !NOMBRE!.split(";")[0] PYTHON_9.3 #</Process><Process ToolSource="c:\program files (x86)\arcgis\desktop10.7\ArcToolbox\Toolboxes\Data Management Tools.tbx\CalculateField" Date="20191205" Time="200330">CalculateField smtuc_calles_2019_v2.2 NOMBRE2 !NOMBRE!.split(";")[-1] PYTHON_9.3 #</Process><Process ToolSource="c:\program files (x86)\arcgis\desktop10.7\ArcToolbox\Toolboxes\Data Management Tools.tbx\CalculateField" Date="20191205" Time="200526">CalculateField smtuc_calles_2019_v2.2 NOMBRE2 !NOMBRE!.split("; ")[-1] PYTHON_9.3 #</Process><Process ToolSource="c:\program files (x86)\arcgis\desktop10.7\ArcToolbox\Toolboxes\Data Management Tools.tbx\CalculateField" Date="20191205" Time="200856">CalculateField smtuc_calles_2019_v2.2 NOMGEO "[NOMBRE2] &amp;" " &amp; [NOMBRE1]" VB #</Process><Process ToolSource="c:\program files (x86)\arcgis\desktop10.7\ArcToolbox\Toolboxes\Data Management Tools.tbx\CalculateField" Date="20191205" Time="204724">CalculateField smtuc_calles_2019_v2.2 NOMBRE1 !NOMBRE!.split(";")[0] PYTHON_9.3 #</Process><Process ToolSource="c:\program files (x86)\arcgis\desktop10.7\ArcToolbox\Toolboxes\Data Management Tools.tbx\CalculateField" Date="20191205" Time="204750">CalculateField smtuc_calles_2019_v2.2 NOMBRE2 !NOMBRE!.split(";")[-1] PYTHON_9.3 #</Process><Process ToolSource="c:\program files (x86)\arcgis\desktop10.7\ArcToolbox\Toolboxes\Data Management Tools.tbx\CalculateField" Date="20191205" Time="204808">CalculateField smtuc_calles_2019_v2.2 NOMBRE2 !NOMBRE!.split("; ")[-1] PYTHON_9.3 #</Process><Process ToolSource="c:\program files (x86)\arcgis\desktop10.7\ArcToolbox\Toolboxes\Data Management Tools.tbx\CalculateField" Date="20191205" Time="204955">CalculateField smtuc_calles_2019_v2.2 NOMBREGEO !NOMGEO! PYTHON_9.3 #</Process><Process ToolSource="c:\program files (x86)\arcgis\desktop10.7\ArcToolbox\Toolboxes\Data Management Tools.tbx\CalculateField" Date="20191205" Time="205440">CalculateField smtuc_calles_2019_v2.2 NOMBREGEO [NOMBRE1] VB #</Process><Process ToolSource="c:\program files (x86)\arcgis\desktop10.7\ArcToolbox\Toolboxes\Data Management Tools.tbx\CalculateField" Date="20191206" Time="133457">CalculateField smtuc_calles_2019_v2.2 aux_nom1 !NOMBRE!.split(";")[0] PYTHON_9.3 #</Process><Process ToolSource="c:\program files (x86)\arcgis\desktop10.7\ArcToolbox\Toolboxes\Data Management Tools.tbx\CalculateField" Date="20191206" Time="133747">CalculateField smtuc_calles_2019_v2.2 aux_nom2 !NOMBRE!.split("; ")[-1] PYTHON_9.3 #</Process><Process ToolSource="c:\program files (x86)\arcgis\desktop10.7\ArcToolbox\Toolboxes\Data Management Tools.tbx\CalculateField" Date="20191206" Time="171012">CalculateField smtuc_calles_2019_v2.2 NOMCORTO [NOMBREGEO] VB #</Process><Process ToolSource="c:\program files (x86)\arcgis\desktop10.7\ArcToolbox\Toolboxes\Data Management Tools.tbx\CalculateField" Date="20191206" Time="171129">CalculateField smtuc_calles_2019_v2.2 NOMCORTO [aux_nom1] VB #</Process><Process ToolSource="c:\program files (x86)\arcgis\desktop10.7\ArcToolbox\Toolboxes\Data Management Tools.tbx\CalculateField" Date="20191206" Time="172242">CalculateField smtuc_calles_2019_v2.2 NOMCORTO [aux_nom1] VB #</Process><Process ToolSource="c:\program files (x86)\arcgis\desktop10.7\ArcToolbox\Toolboxes\Data Management Tools.tbx\CalculateField" Date="20191206" Time="172955">CalculateField smtuc_calles_2019_v2.2 NOMCORTO [aux_nom1] VB #</Process><Process ToolSource="c:\program files (x86)\arcgis\desktop10.7\ArcToolbox\Toolboxes\Data Management Tools.tbx\CalculateField" Date="20191206" Time="173235">CalculateField smtuc_calles_2019_v2.2 NOMCORTO "[aux_nom2] &amp;" " &amp; [aux_nom1]" VB #</Process><Process ToolSource="c:\program files (x86)\arcgis\desktop10.7\ArcToolbox\Toolboxes\Data Management Tools.tbx\RepairGeometry" Date="20191206" Time="173727">RepairGeometry smtuc_calles_2019_v2.3 DELETE_NULL</Process><Process ToolSource="c:\program files (x86)\arcgis\desktop10.7\ArcToolbox\Toolboxes\Data Management Tools.tbx\CalculateField" Date="20191210" Time="171131">CalculateField smtuc_calles_2019_v2.3 DESDEI "[ALTURA_1] +1" VB #</Process><Process ToolSource="c:\program files (x86)\arcgis\desktop10.7\ArcToolbox\Toolboxes\Data Management Tools.tbx\CalculateField" Date="20191210" Time="171142">CalculateField smtuc_calles_2019_v2.3 DESDED "[ALTURA_1] " VB #</Process><Process ToolSource="c:\program files (x86)\arcgis\desktop10.7\ArcToolbox\Toolboxes\Data Management Tools.tbx\CalculateField" Date="20191210" Time="171221">CalculateField smtuc_calles_2019_v2.3 HASTAI "[ALTURA_1] +48" VB #</Process><Process ToolSource="c:\program files (x86)\arcgis\desktop10.7\ArcToolbox\Toolboxes\Data Management Tools.tbx\CalculateField" Date="20191210" Time="171238">CalculateField smtuc_calles_2019_v2.3 HASTAI "[ALTURA_1] +49" VB #</Process><Process ToolSource="c:\program files (x86)\arcgis\desktop10.7\ArcToolbox\Toolboxes\Data Management Tools.tbx\CalculateField" Date="20191210" Time="171248">CalculateField smtuc_calles_2019_v2.3 HASTAD "[ALTURA_1] +48" VB #</Process><Process ToolSource="c:\program files (x86)\arcgis\desktop10.7\ArcToolbox\Toolboxes\Data Management Tools.tbx\CalculateField" Date="20191210" Time="172328">CalculateField smtuc_calles_2019_v2.3 AUX 3 VB #</Process><Process ToolSource="c:\program files (x86)\arcgis\desktop10.7\ArcToolbox\Toolboxes\Data Management Tools.tbx\CalculateField" Date="20191210" Time="172613">CalculateField smtuc_calles_2019_v2.3 AUX 1 VB #</Process><Process ToolSource="c:\program files (x86)\arcgis\desktop10.7\ArcToolbox\Toolboxes\Data Management Tools.tbx\CalculateField" Date="20191210" Time="180454">CalculateField smtuc_calles_2019_v2.3 DESDEI "[ALTURA_1] +1" VB #</Process><Process ToolSource="c:\program files (x86)\arcgis\desktop10.7\ArcToolbox\Toolboxes\Data Management Tools.tbx\CalculateField" Date="20191210" Time="180507">CalculateField smtuc_calles_2019_v2.3 DESDED "[ALTURA_1] " VB #</Process><Process ToolSource="c:\program files (x86)\arcgis\desktop10.7\ArcToolbox\Toolboxes\Data Management Tools.tbx\CalculateField" Date="20191210" Time="180528">CalculateField smtuc_calles_2019_v2.3 HASTAI "[ALTURA_1] + 49" VB #</Process><Process ToolSource="c:\program files (x86)\arcgis\desktop10.7\ArcToolbox\Toolboxes\Data Management Tools.tbx\CalculateField" Date="20191210" Time="180540">CalculateField smtuc_calles_2019_v2.3 HASTAD "[ALTURA_1] + 48" VB #</Process><Process ToolSource="c:\program files (x86)\arcgis\desktop10.7\ArcToolbox\Toolboxes\Data Management Tools.tbx\CalculateField" Date="20191211" Time="160818">CalculateField smtuc_calles_2019_v2.3 ALTURA_1 0 VB #</Process><Process ToolSource="c:\program files (x86)\arcgis\desktop10.7\ArcToolbox\Toolboxes\Data Management Tools.tbx\CalculateField" Date="20191211" Time="160917">CalculateField smtuc_calles_2019_v2.3 ALTURA_1 0 VB #</Process><Process ToolSource="c:\program files (x86)\arcgis\desktop10.7\ArcToolbox\Toolboxes\Data Management Tools.tbx\CalculateField" Date="20191211" Time="161045">CalculateField smtuc_calles_2019_v2.3 DESDEI "[ALTURA_1] +1" VB #</Process><Process ToolSource="c:\program files (x86)\arcgis\desktop10.7\ArcToolbox\Toolboxes\Data Management Tools.tbx\CalculateField" Date="20191211" Time="161126">CalculateField smtuc_calles_2019_v2.3 DESDED "[ALTURA_1] " VB #</Process><Process ToolSource="c:\program files (x86)\arcgis\desktop10.7\ArcToolbox\Toolboxes\Data Management Tools.tbx\CalculateField" Date="20191211" Time="161155">CalculateField smtuc_calles_2019_v2.3 HASTAI "[ALTURA_1] +99" VB #</Process><Process ToolSource="c:\program files (x86)\arcgis\desktop10.7\ArcToolbox\Toolboxes\Data Management Tools.tbx\CalculateField" Date="20191211" Time="161213">CalculateField smtuc_calles_2019_v2.3 HASTAD "[ALTURA_1] +98" VB #</Process><Process ToolSource="c:\program files (x86)\arcgis\desktop10.7\ArcToolbox\Toolboxes\Data Management Tools.tbx\CalculateField" Date="20191211" Time="161241">CalculateField smtuc_calles_2019_v2.3 DESDED 2 VB #</Process><Process ToolSource="c:\program files (x86)\arcgis\desktop10.7\ArcToolbox\Toolboxes\Data Management Tools.tbx\CalculateField" Date="20191211" Time="161602">CalculateField smtuc_calles_2019_v2.3 ALTURA_1 0 VB #</Process><Process ToolSource="c:\program files (x86)\arcgis\desktop10.7\ArcToolbox\Toolboxes\Data Management Tools.tbx\CalculateField" Date="20191211" Time="161700">CalculateField smtuc_calles_2019_v2.3 DESDEI "[ALTURA_1] +1" VB #</Process><Process ToolSource="c:\program files (x86)\arcgis\desktop10.7\ArcToolbox\Toolboxes\Data Management Tools.tbx\CalculateField" Date="20191211" Time="161735">CalculateField smtuc_calles_2019_v2.3 DESDED [ALTURA_1] VB #</Process><Process ToolSource="c:\program files (x86)\arcgis\desktop10.7\ArcToolbox\Toolboxes\Data Management Tools.tbx\CalculateField" Date="20191211" Time="161752">CalculateField smtuc_calles_2019_v2.3 HASTAI "[ALTURA_1] +49" VB #</Process><Process ToolSource="c:\program files (x86)\arcgis\desktop10.7\ArcToolbox\Toolboxes\Data Management Tools.tbx\CalculateField" Date="20191211" Time="161802">CalculateField smtuc_calles_2019_v2.3 HASTAD "[ALTURA_1] +48" VB #</Process><Process ToolSource="c:\program files (x86)\arcgis\desktop10.7\ArcToolbox\Toolboxes\Data Management Tools.tbx\CalculateField" Date="20191211" Time="161835">CalculateField smtuc_calles_2019_v2.3 DESDED 2 VB #</Process><Process ToolSource="c:\program files (x86)\arcgis\desktop10.7\ArcToolbox\Toolboxes\Data Management Tools.tbx\CalculateField" Date="20191211" Time="162020">CalculateField smtuc_calles_2019_v2.3 AUX 1 VB #</Process><Process ToolSource="c:\program files (x86)\arcgis\desktop10.7\ArcToolbox\Toolboxes\Data Management Tools.tbx\CalculateField" Date="20191211" Time="180945">CalculateField smtuc_calles_2019_v2.3 DESDEI "[ALTURA_1] +1" VB #</Process><Process ToolSource="c:\program files (x86)\arcgis\desktop10.7\ArcToolbox\Toolboxes\Data Management Tools.tbx\CalculateField" Date="20191211" Time="180958">CalculateField smtuc_calles_2019_v2.3 DESDED [ALTURA_1] VB #</Process><Process ToolSource="c:\program files (x86)\arcgis\desktop10.7\ArcToolbox\Toolboxes\Data Management Tools.tbx\CalculateField" Date="20191211" Time="181028">CalculateField smtuc_calles_2019_v2.3 HASTAI "[ALTURA_1] +99" VB #</Process><Process ToolSource="c:\program files (x86)\arcgis\desktop10.7\ArcToolbox\Toolboxes\Data Management Tools.tbx\CalculateField" Date="20191211" Time="181053">CalculateField smtuc_calles_2019_v2.3 HASTAD "[ALTURA_1] +98
" VB #</Process><Process ToolSource="c:\program files (x86)\arcgis\desktop10.7\ArcToolbox\Toolboxes\Data Management Tools.tbx\CalculateField" Date="20191211" Time="181217">CalculateField smtuc_calles_2019_v2.3 DESDED 2
 VB #</Process><Process ToolSource="c:\program files (x86)\arcgis\desktop10.7\ArcToolbox\Toolboxes\Data Management Tools.tbx\CalculateField" Date="20191211" Time="181313">CalculateField smtuc_calles_2019_v2.3 DESDEI "[ALTURA_1] +1" VB #</Process><Process ToolSource="c:\program files (x86)\arcgis\desktop10.7\ArcToolbox\Toolboxes\Data Management Tools.tbx\CalculateField" Date="20191211" Time="181322">CalculateField smtuc_calles_2019_v2.3 DESDED [ALTURA_1] VB #</Process><Process ToolSource="c:\program files (x86)\arcgis\desktop10.7\ArcToolbox\Toolboxes\Data Management Tools.tbx\CalculateField" Date="20191211" Time="181334">CalculateField smtuc_calles_2019_v2.3 HASTAI "[ALTURA_1] +49" VB #</Process><Process ToolSource="c:\program files (x86)\arcgis\desktop10.7\ArcToolbox\Toolboxes\Data Management Tools.tbx\CalculateField" Date="20191211" Time="181344">CalculateField smtuc_calles_2019_v2.3 HASTAD "[ALTURA_1] +48" VB #</Process><Process ToolSource="c:\program files (x86)\arcgis\desktop10.7\ArcToolbox\Toolboxes\Data Management Tools.tbx\CalculateField" Date="20191211" Time="181413">CalculateField smtuc_calles_2019_v2.3 DESDED 2 VB #</Process><Process ToolSource="c:\program files (x86)\arcgis\desktop10.7\ArcToolbox\Toolboxes\Data Management Tools.tbx\CalculateField" Date="20191211" Time="181858">CalculateField smtuc_calles_2019_v2.3 DESDEI "[ALTURA_1] +1" VB #</Process><Process ToolSource="c:\program files (x86)\arcgis\desktop10.7\ArcToolbox\Toolboxes\Data Management Tools.tbx\CalculateField" Date="20191211" Time="181921">CalculateField smtuc_calles_2019_v2.3 DESDED [ALTURA_1] VB #</Process><Process ToolSource="c:\program files (x86)\arcgis\desktop10.7\ArcToolbox\Toolboxes\Data Management Tools.tbx\CalculateField" Date="20191211" Time="181949">CalculateField smtuc_calles_2019_v2.3 HASTAI "[ALTURA_1] +49" VB #</Process><Process ToolSource="c:\program files (x86)\arcgis\desktop10.7\ArcToolbox\Toolboxes\Data Management Tools.tbx\CalculateField" Date="20191211" Time="181959">CalculateField smtuc_calles_2019_v2.3 HASTAD "[ALTURA_1] +48" VB #</Process><Process ToolSource="c:\program files (x86)\arcgis\desktop10.7\ArcToolbox\Toolboxes\Data Management Tools.tbx\CalculateField" Date="20191211" Time="184817">CalculateField smtuc_calles_2019_v2.3 AUX 1 VB #</Process><Process ToolSource="c:\program files (x86)\arcgis\desktop10.7\ArcToolbox\Toolboxes\Data Management Tools.tbx\CalculateField" Date="20191217" Time="172915">CalculateField smtuc_calles_2019_v2.3 DESDEI "[ALTURA_1] +1" VB #</Process><Process ToolSource="c:\program files (x86)\arcgis\desktop10.7\ArcToolbox\Toolboxes\Data Management Tools.tbx\CalculateField" Date="20191217" Time="172927">CalculateField smtuc_calles_2019_v2.3 DESDED [ALTURA_1] VB #</Process><Process ToolSource="c:\program files (x86)\arcgis\desktop10.7\ArcToolbox\Toolboxes\Data Management Tools.tbx\CalculateField" Date="20191217" Time="172946">CalculateField smtuc_calles_2019_v2.3 HASTAI "[ALTURA_1] +99" VB #</Process><Process ToolSource="c:\program files (x86)\arcgis\desktop10.7\ArcToolbox\Toolboxes\Data Management Tools.tbx\CalculateField" Date="20191217" Time="172956">CalculateField smtuc_calles_2019_v2.3 HASTAD "[ALTURA_1] +98" VB #</Process><Process ToolSource="c:\program files (x86)\arcgis\desktop10.7\ArcToolbox\Toolboxes\Data Management Tools.tbx\CalculateField" Date="20191217" Time="173048">CalculateField smtuc_calles_2019_v2.3 DESDED 2 VB #</Process><Process ToolSource="c:\program files (x86)\arcgis\desktop10.7\ArcToolbox\Toolboxes\Data Management Tools.tbx\CalculateField" Date="20191217" Time="173258">CalculateField smtuc_calles_2019_v2.3 DESDEI "[ALTURA_1] +1" VB #</Process><Process ToolSource="c:\program files (x86)\arcgis\desktop10.7\ArcToolbox\Toolboxes\Data Management Tools.tbx\CalculateField" Date="20191217" Time="173308">CalculateField smtuc_calles_2019_v2.3 DESDED [ALTURA_1] VB #</Process><Process ToolSource="c:\program files (x86)\arcgis\desktop10.7\ArcToolbox\Toolboxes\Data Management Tools.tbx\CalculateField" Date="20191217" Time="173324">CalculateField smtuc_calles_2019_v2.3 HASTAI "[ALTURA_1] +49" VB #</Process><Process ToolSource="c:\program files (x86)\arcgis\desktop10.7\ArcToolbox\Toolboxes\Data Management Tools.tbx\CalculateField" Date="20191217" Time="173338">CalculateField smtuc_calles_2019_v2.3 HASTAD "[ALTURA_1] +48" VB #</Process><Process ToolSource="c:\program files (x86)\arcgis\desktop10.7\ArcToolbox\Toolboxes\Data Management Tools.tbx\CalculateField" Date="20191217" Time="173437">CalculateField smtuc_calles_2019_v2.3 DESDEI "[ALTURA_1] +1" VB #</Process><Process ToolSource="c:\program files (x86)\arcgis\desktop10.7\ArcToolbox\Toolboxes\Data Management Tools.tbx\CalculateField" Date="20191217" Time="173445">CalculateField smtuc_calles_2019_v2.3 DESDED [ALTURA_1] VB #</Process><Process ToolSource="c:\program files (x86)\arcgis\desktop10.7\ArcToolbox\Toolboxes\Data Management Tools.tbx\CalculateField" Date="20191217" Time="173516">CalculateField smtuc_calles_2019_v2.3 HASTAI "[ALTURA_1] +49" VB #</Process><Process ToolSource="c:\program files (x86)\arcgis\desktop10.7\ArcToolbox\Toolboxes\Data Management Tools.tbx\CalculateField" Date="20191217" Time="173527">CalculateField smtuc_calles_2019_v2.3 HASTAD "[ALTURA_1] +48" VB #</Process><Process ToolSource="c:\program files (x86)\arcgis\desktop10.7\ArcToolbox\Toolboxes\Data Management Tools.tbx\CalculateField" Date="20191217" Time="173800">CalculateField smtuc_calles_2019_v2.3 AUX 1 VB #</Process><Process ToolSource="c:\program files (x86)\arcgis\desktop10.7\ArcToolbox\Toolboxes\Data Management Tools.tbx\CalculateField" Date="20200103" Time="165024">CalculateField smtuc_calles_2019_v2.3 DESDEI "[ALTURA_1] +1" VB #</Process><Process ToolSource="c:\program files (x86)\arcgis\desktop10.7\ArcToolbox\Toolboxes\Data Management Tools.tbx\CalculateField" Date="20200103" Time="165040">CalculateField smtuc_calles_2019_v2.3 DESDED [ALTURA_1] VB #</Process><Process ToolSource="c:\program files (x86)\arcgis\desktop10.7\ArcToolbox\Toolboxes\Data Management Tools.tbx\CalculateField" Date="20200103" Time="165103">CalculateField smtuc_calles_2019_v2.3 HASTAI "[ALTURA_1] +99" VB #</Process><Process ToolSource="c:\program files (x86)\arcgis\desktop10.7\ArcToolbox\Toolboxes\Data Management Tools.tbx\CalculateField" Date="20200103" Time="165235">CalculateField smtuc_calles_2019_v2.3 HASTAD "[ALTURA_1] +98" VB #</Process><Process ToolSource="c:\program files (x86)\arcgis\desktop10.7\ArcToolbox\Toolboxes\Data Management Tools.tbx\CalculateField" Date="20200103" Time="165636">CalculateField smtuc_calles_2019_v2.3 DESDED 2 VB #</Process><Process ToolSource="c:\program files (x86)\arcgis\desktop10.7\ArcToolbox\Toolboxes\Data Management Tools.tbx\CalculateField" Date="20200103" Time="165730">CalculateField smtuc_calles_2019_v2.3 AUX 1 VB #</Process><Process ToolSource="c:\program files (x86)\arcgis\desktop10.7\ArcToolbox\Toolboxes\Data Management Tools.tbx\CalculateField" Date="20200103" Time="170114">CalculateField smtuc_calles_2019_v2.3 DESDEI "[ALTURA_1] +1" VB #</Process><Process ToolSource="c:\program files (x86)\arcgis\desktop10.7\ArcToolbox\Toolboxes\Data Management Tools.tbx\CalculateField" Date="20200103" Time="170123">CalculateField smtuc_calles_2019_v2.3 DESDED "[ALTURA_1] " VB #</Process><Process ToolSource="c:\program files (x86)\arcgis\desktop10.7\ArcToolbox\Toolboxes\Data Management Tools.tbx\CalculateField" Date="20200103" Time="170144">CalculateField smtuc_calles_2019_v2.3 HASTAI "[ALTURA_1] +49" VB #</Process><Process ToolSource="c:\program files (x86)\arcgis\desktop10.7\ArcToolbox\Toolboxes\Data Management Tools.tbx\CalculateField" Date="20200103" Time="170155">CalculateField smtuc_calles_2019_v2.3 HASTAD "[ALTURA_1] +48" VB #</Process><Process ToolSource="c:\program files (x86)\arcgis\desktop10.7\ArcToolbox\Toolboxes\Data Management Tools.tbx\CalculateField" Date="20200103" Time="170214">CalculateField smtuc_calles_2019_v2.3 AUX 1 VB #</Process><Process ToolSource="c:\program files (x86)\arcgis\desktop10.7\ArcToolbox\Toolboxes\Data Management Tools.tbx\CalculateField" Date="20200103" Time="170315">CalculateField smtuc_calles_2019_v2.3 DESDEI "[ALTURA_1] +1" VB #</Process><Process ToolSource="c:\program files (x86)\arcgis\desktop10.7\ArcToolbox\Toolboxes\Data Management Tools.tbx\CalculateField" Date="20200103" Time="170411">CalculateField smtuc_calles_2019_v2.3 DESDED [ALTURA_1] VB #</Process><Process ToolSource="c:\program files (x86)\arcgis\desktop10.7\ArcToolbox\Toolboxes\Data Management Tools.tbx\CalculateField" Date="20200103" Time="170454">CalculateField smtuc_calles_2019_v2.3 HASTAI "[ALTURA_1] +49" VB #</Process><Process ToolSource="c:\program files (x86)\arcgis\desktop10.7\ArcToolbox\Toolboxes\Data Management Tools.tbx\CalculateField" Date="20200103" Time="170503">CalculateField smtuc_calles_2019_v2.3 HASTAD "[ALTURA_1] +48" VB #</Process><Process ToolSource="c:\program files (x86)\arcgis\desktop10.7\ArcToolbox\Toolboxes\Data Management Tools.tbx\CalculateField" Date="20200103" Time="170515">CalculateField smtuc_calles_2019_v2.3 AUX 1 VB #</Process><Process ToolSource="c:\program files (x86)\arcgis\desktop10.7\ArcToolbox\Toolboxes\Data Management Tools.tbx\CalculateField" Date="20200408" Time="163323">CalculateField smtuc_calles_2019_v2.3 Prefijo [TIPO] VB #</Process><Process ToolSource="c:\program files (x86)\arcgis\desktop10.7\ArcToolbox\Toolboxes\Data Management Tools.tbx\CalculateField" Date="20200514" Time="181441">CalculateField smtuc_calles_2019_v2.3 calle_tipo [TIPO] VB #</Process><Process ToolSource="c:\program files (x86)\arcgis\desktop10.7\ArcToolbox\Toolboxes\Data Management Tools.tbx\CalculateField" Date="20200514" Time="181810">CalculateField smtuc_calles_2019_v2.3 calle_tipo ""AV " &amp; [NOMCORTO]" VB #</Process><Process ToolSource="c:\program files (x86)\arcgis\desktop10.7\ArcToolbox\Toolboxes\Data Management Tools.tbx\CalculateField" Date="20200514" Time="181935">CalculateField smtuc_calles_2019_v2.3 calle_tipo [NOMCORTO] VB #</Process><Process ToolSource="c:\program files (x86)\arcgis\desktop10.7\ArcToolbox\Toolboxes\Data Management Tools.tbx\CalculateField" Date="20200514" Time="182015">CalculateField smtuc_calles_2019_v2.3 calle_tipo ""AV " &amp; [NOMCORTO]" VB #</Process><Process ToolSource="c:\program files (x86)\arcgis\desktop10.7\ArcToolbox\Toolboxes\Data Management Tools.tbx\CalculateField" Date="20200514" Time="182412">CalculateField smtuc_calles_2019_v2.3 calle_tipo ""PJE " &amp; [NOMCORTO]" VB #</Process><Process ToolSource="c:\program files (x86)\arcgis\desktop10.7\ArcToolbox\Toolboxes\Data Management Tools.tbx\CalculateField" Date="20200514" Time="191615">CalculateField smtuc_calles_2019_v2.3 calle_tipo ""DIAG " &amp; [NOMCORTO]" VB #</Process><Process ToolSource="c:\program files (x86)\arcgis\desktop10.7\ArcToolbox\Toolboxes\Data Management Tools.tbx\CalculateField" Date="20200520" Time="222522">CalculateField smtuc_calles_2019_v2.3 NOMCORTO [NOMBREGEO] VB #</Process><Process ToolSource="c:\program files (x86)\arcgis\desktop10.7\ArcToolbox\Toolboxes\Data Management Tools.tbx\CalculateField" Date="20200520" Time="223108">CalculateField smtuc_calles_2019_v2.3 NOMCORTO [calle_tipo] VB #</Process><Process ToolSource="c:\program files (x86)\arcgis\desktop10.7\ArcToolbox\Toolboxes\Data Management Tools.tbx\CalculateField" Date="20200520" Time="223225">CalculateField smtuc_calles_2019_v2.3 NOMBRE_COM [NOMBRE] VB #</Process><Process ToolSource="c:\program files (x86)\arcgis\desktop10.7\ArcToolbox\Toolboxes\Data Management Tools.tbx\CalculateField" Date="20200520" Time="223304">CalculateField smtuc_calles_2019_v2.3 NOMBRE [NOMCORTO] VB #</Process><Process ToolSource="c:\program files (x86)\arcgis\desktop10.7\ArcToolbox\Toolboxes\Data Management Tools.tbx\CalculateField" Date="20200601" Time="230203">CalculateField smtuc_calles_2019_v2.3 TIPO "CURSO DE AGUA" VB #</Process></lineage><copyHistory><copy source="D:\OneDrive\Geocoding_2019\Shp\Backup\smtuc_calles_2019_v2.3_bk" dest="\\DESKTOP-QFU3JO1\D$\OneDrive\Geocoding_2019\Shp\Callejero\smtuc_calles_2019_v2.3_bk" date="20191210" time="16311700"></copy></copyHistory></DataProperties><SyncDate>20191207</SyncDate><SyncTime>16215000</SyncTime><ModDate>20191207</ModDate><ModTime>16215000</ModTime></Esri><dataIdInfo><envirDesc Sync="TRUE"> Version 6.2 (Build 9200) ; Esri ArcGIS 10.7.1.11595</envirDesc><dataLang><languageCode value="spa" Sync="TRUE"></languageCode><countryCode value="ARG" Sync="TRUE"></countryCode></dataLang><idCitation><resTitle Sync="TRUE">smtuc_calles_2019_v2.3_bk</resTitle><presForm><PresFormCd value="005" Sync="TRUE"></PresFormCd></presForm></idCitation><spatRpType><SpatRepTypCd value="001" Sync="TRUE"></SpatRepTypCd></spatRpType></dataIdInfo><mdLang><languageCode value="spa" Sync="TRUE"></languageCode><countryCode value="ARG" Sync="TRUE"></countryCode></mdLang><mdChar><CharSetCd value="004" Sync="TRUE"></CharSetCd></mdChar><distInfo><distFormat><formatName Sync="TRUE">Shapefile</formatName></distFormat><distTranOps><transSize Sync="TRUE">0.000</transSize></distTranOps></distInfo><mdHrLv><ScopeCd value="005" Sync="TRUE"></ScopeCd></mdHrLv><mdHrLvName Sync="TRUE">dataset</mdHrLvName><refSysInfo><RefSystem><refSysID><identCode code="4326" Sync="TRUE"></identCode><idCodeSpace Sync="TRUE">EPSG</idCodeSpace><idVersion Sync="TRUE">6.14(3.0.1)</idVersion></refSysID></RefSystem></refSysInfo><spatRepInfo><VectSpatRep><geometObjs Name="smtuc_calles_2019_v2.3_bk"><geoObjTyp><GeoObjTypCd value="002" Sync="TRUE"></GeoObjTypCd></geoObjTyp><geoObjCnt Sync="TRUE">0</geoObjCnt></geometObjs><topLvl><TopoLevCd value="001" Sync="TRUE"></TopoLevCd></topLvl></VectSpatRep></spatRepInfo><spdoinfo><ptvctinf><esriterm Name="smtuc_calles_2019_v2.3_bk"><efeatyp Sync="TRUE">Simple</efeatyp><efeageom code="3" Sync="TRUE"></efeageom><esritopo Sync="TRUE">FALSE</esritopo><efeacnt Sync="TRUE">0</efeacnt><spindex Sync="TRUE">FALSE</spindex><linrefer Sync="TRUE">FALSE</linrefer></esriterm></ptvctinf></spdoinfo><eainfo><detailed Name="smtuc_calles_2019_v2.3_bk"><enttyp><enttypl Sync="TRUE">smtuc_calles_2019_v2.3_bk</enttypl><enttypt Sync="TRUE">Feature Class</enttypt><enttypc Sync="TRUE">0</enttypc></enttyp><attr><attrlabl Sync="TRUE">FID</attrlabl><attalias Sync="TRUE">FID</attalias><attrtype Sync="TRUE">OID</attrtype><attwidth Sync="TRUE">4</attwidth><atprecis Sync="TRUE">0</atprecis><attscale Sync="TRUE">0</attscale><attrdef Sync="TRUE">Internal feature number.</attrdef><attrdefs Sync="TRUE">Esri</attrdefs><attrdomv><udom Sync="TRUE">Sequential unique whole numbers that are automatically generated.</udom></attrdomv></attr><attr><attrlabl Sync="TRUE">Shape</attrlabl><attalias Sync="TRUE">Shape</attalias><attrtype Sync="TRUE">Geometry</attrtype><attwidth Sync="TRUE">0</attwidth><atprecis Sync="TRUE">0</atprecis><attscale Sync="TRUE">0</attscale><attrdef Sync="TRUE">Feature geometry.</attrdef><attrdefs Sync="TRUE">Esri</attrdefs><attrdomv><udom Sync="TRUE">Coordinates defining the features.</udom></attrdomv></attr><attr><attrlabl Sync="TRUE">OBJECTID_1</attrlabl><attalias Sync="TRUE">OBJECTID_1</attalias><attrtype Sync="TRUE">Integer</attrtype><attwidth Sync="TRUE">10</attwidth><atprecis Sync="TRUE">10</atprecis><attscale Sync="TRUE">0</attscale></attr><attr><attrlabl Sync="TRUE">CALZADA</attrlabl><attalias Sync="TRUE">CALZADA</attalias><attrtype Sync="TRUE">String</attrtype><attwidth Sync="TRUE">254</attwidth><atprecis Sync="TRUE">0</atprecis><attscale Sync="TRUE">0</attscale></attr><attr><attrlabl Sync="TRUE">CLOACA</attrlabl><attalias Sync="TRUE">CLOACA</attalias><attrtype Sync="TRUE">Double</attrtype><attwidth Sync="TRUE">19</attwidth><atprecis Sync="TRUE">0</atprecis><attscale Sync="TRUE">0</attscale></attr><attr><attrlabl Sync="TRUE">CODIGO</attrlabl><attalias Sync="TRUE">CODIGO</attalias><attrtype Sync="TRUE">String</attrtype><attwidth Sync="TRUE">254</attwidth><atprecis Sync="TRUE">0</atprecis><attscale Sync="TRUE">0</attscale></attr><attr><attrlabl Sync="TRUE">CUADRANTE</attrlabl><attalias Sync="TRUE">CUADRANTE</attalias><attrtype Sync="TRUE">String</attrtype><attwidth Sync="TRUE">254</attwidth><atprecis Sync="TRUE">0</atprecis><attscale Sync="TRUE">0</attscale></attr><attr><attrlabl Sync="TRUE">GAS</attrlabl><attalias Sync="TRUE">GAS</attalias><attrtype Sync="TRUE">Double</attrtype><attwidth Sync="TRUE">19</attwidth><atprecis Sync="TRUE">0</atprecis><attscale Sync="TRUE">0</attscale></attr><attr><attrlabl Sync="TRUE">ID</attrlabl><attalias Sync="TRUE">ID</attalias><attrtype Sync="TRUE">Double</attrtype><attwidth Sync="TRUE">19</attwidth><atprecis Sync="TRUE">0</atprecis><attscale Sync="TRUE">0</attscale></attr><attr><attrlabl Sync="TRUE">IDINFO</attrlabl><attalias Sync="TRUE">IDINFO</attalias><attrtype Sync="TRUE">Double</attrtype><attwidth Sync="TRUE">19</attwidth><atprecis Sync="TRUE">0</atprecis><attscale Sync="TRUE">0</attscale></attr><attr><attrlabl Sync="TRUE">LONGITUD</attrlabl><attalias Sync="TRUE">LONGITUD</attalias><attrtype Sync="TRUE">Double</attrtype><attwidth Sync="TRUE">19</attwidth><atprecis Sync="TRUE">0</atprecis><attscale Sync="TRUE">0</attscale></attr><attr><attrlabl Sync="TRUE">NOMBRE</attrlabl><attalias Sync="TRUE">NOMBRE</attalias><attrtype Sync="TRUE">String</attrtype><attwidth Sync="TRUE">254</attwidth><atprecis Sync="TRUE">0</atprecis><attscale Sync="TRUE">0</attscale></attr><attr><attrlabl Sync="TRUE">TIPO</attrlabl><attalias Sync="TRUE">TIPO</attalias><attrtype Sync="TRUE">String</attrtype><attwidth Sync="TRUE">254</attwidth><atprecis Sync="TRUE">0</atprecis><attscale Sync="TRUE">0</attscale></attr><attr><attrlabl Sync="TRUE">MUNICIPIO</attrlabl><attalias Sync="TRUE">MUNICIPIO</attalias><attrtype Sync="TRUE">String</attrtype><attwidth Sync="TRUE">254</attwidth><atprecis Sync="TRUE">0</atprecis><attscale Sync="TRUE">0</attscale></attr><attr><attrlabl Sync="TRUE">RED_ELECTR</attrlabl><attalias Sync="TRUE">RED_ELECTR</attalias><attrtype Sync="TRUE">Integer</attrtype><attwidth Sync="TRUE">10</attwidth><atprecis Sync="TRUE">10</atprecis><attscale Sync="TRUE">0</attscale></attr><attr><attrlabl Sync="TRUE">ALTURA_1</attrlabl><attalias Sync="TRUE">ALTURA_1</attalias><attrtype Sync="TRUE">String</attrtype><attwidth Sync="TRUE">254</attwidth><atprecis Sync="TRUE">0</atprecis><attscale Sync="TRUE">0</attscale></attr><attr><attrlabl Sync="TRUE">Shape_Leng</attrlabl><attalias Sync="TRUE">Shape_Leng</attalias><attrtype Sync="TRUE">Double</attrtype><attwidth Sync="TRUE">19</attwidth><atprecis Sync="TRUE">0</atprecis><attscale Sync="TRUE">0</attscale></attr><attr><attrlabl Sync="TRUE">NOMBREGEO</attrlabl><attalias Sync="TRUE">NOMBREGEO</attalias><attrtype Sync="TRUE">String</attrtype><attwidth Sync="TRUE">50</attwidth><atprecis Sync="TRUE">0</atprecis><attscale Sync="TRUE">0</attscale></attr><attr><attrlabl Sync="TRUE">NOMCORTO</attrlabl><attalias Sync="TRUE">NOMCORTO</attalias><attrtype Sync="TRUE">String</attrtype><attwidth Sync="TRUE">50</attwidth><atprecis Sync="TRUE">0</atprecis><attscale Sync="TRUE">0</attscale></attr><attr><attrlabl Sync="TRUE">DESDED</attrlabl><attalias Sync="TRUE">DESDED</attalias><attrtype Sync="TRUE">Integer</attrtype><attwidth Sync="TRUE">5</attwidth><atprecis Sync="TRUE">5</atprecis><attscale Sync="TRUE">0</attscale></attr><attr><attrlabl Sync="TRUE">DESDEI</attrlabl><attalias Sync="TRUE">DESDEI</attalias><attrtype Sync="TRUE">Integer</attrtype><attwidth Sync="TRUE">5</attwidth><atprecis Sync="TRUE">5</atprecis><attscale Sync="TRUE">0</attscale></attr><attr><attrlabl Sync="TRUE">HASTAD</attrlabl><attalias Sync="TRUE">HASTAD</attalias><attrtype Sync="TRUE">Integer</attrtype><attwidth Sync="TRUE">5</attwidth><atprecis Sync="TRUE">5</atprecis><attscale Sync="TRUE">0</attscale></attr><attr><attrlabl Sync="TRUE">HASTAI</attrlabl><attalias Sync="TRUE">HASTAI</attalias><attrtype Sync="TRUE">Integer</attrtype><attwidth Sync="TRUE">5</attwidth><atprecis Sync="TRUE">5</atprecis><attscale Sync="TRUE">0</attscale></attr></detailed></eainfo><mdDateSt Sync="TRUE">20191207</mdDateSt></metadata>
