<?xml version="1.0" encoding="UTF-8"?>
<metadata xml:lang="es"><Esri><CreaDate>20200706</CreaDate><CreaTime>22233000</CreaTime><ArcGISFormat>1.0</ArcGISFormat><SyncOnce>FALSE</SyncOnce><RematchLocator>loc_smtuc_2020_v4<Category Locator="Review">Address</Category><Description Locator="Review">US Dual Range Addresses</Description><supportsOptionalZone Locator="Review">true</supportsOptionalZone><ReturnPostalAdminsInMatchAddr Locator="Review">true</ReturnPostalAdminsInMatchAddr><DefaultLanguage Locator="Review">en</DefaultLanguage><TransliteratedLanguageCode Locator="Review">xx</TransliteratedLanguageCode><SpellingSensitivity Locator="Review">80</SpellingSensitivity><OutColumns Locator="Review">Shape</OutColumns><OutColumns Locator="Review">Status</OutColumns><OutColumns Locator="Review">Score</OutColumns><OutColumns Locator="Review">Match_addr</OutColumns><OutColumns Locator="Review">Addr_type</OutColumns><OutColumns Locator="Review">AddNum</OutColumns><OutColumns Locator="Review">AddNumFrom</OutColumns><OutColumns Locator="Review">AddNumTo</OutColumns><OutColumns Locator="Review">Side</OutColumns><OutColumns Locator="Review">StPreDir</OutColumns><OutColumns Locator="Review">StPreType</OutColumns><OutColumns Locator="Review">StName</OutColumns><OutColumns Locator="Review">StType</OutColumns><OutColumns Locator="Review">StDir</OutColumns><OutColumns Locator="Review">StAddr</OutColumns><OutColumns Locator="Review">City</OutColumns><OutColumns Locator="Review">County</OutColumns><OutColumns Locator="Review">State</OutColumns><OutColumns Locator="Review">StateAbbr</OutColumns><OutColumns Locator="Review">ZIP</OutColumns><OutColumns Locator="Review">Country</OutColumns><OutColumns Locator="Review">LangCode</OutColumns><OutColumns Locator="Review">Distance</OutColumns><OutColumns Locator="Review">X</OutColumns><OutColumns Locator="Review">Y</OutColumns><OutColumns Locator="Review">DisplayX</OutColumns><OutColumns Locator="Review">DisplayY</OutColumns><OutColumns Locator="Review">Xmin</OutColumns><OutColumns Locator="Review">Xmax</OutColumns><OutColumns Locator="Review">Ymin</OutColumns><OutColumns Locator="Review">Ymax</OutColumns><SearchTimeout Locator="Review">1</SearchTimeout><MaxCandidates Locator="Review">200</MaxCandidates><MaxPerfectCandidates Locator="Review">200</MaxPerfectCandidates><StorageSegmentSizeKB Locator="Review">128</StorageSegmentSizeKB><MatchIfScoresTie Locator="Review">true</MatchIfScoresTie><UseRelativePaths Locator="Review">true</UseRelativePaths><SupportsUSZoneOrder Locator="Review">true</SupportsUSZoneOrder><SupportsIndex64 Locator="Review">true</SupportsIndex64><SupportsCR311929 Locator="Review">false</SupportsCR311929><WriteDebugFields Locator="Review">false</WriteDebugFields><WriteGlobalizedFields Locator="Review">false</WriteGlobalizedFields><WriteLocalizedFields Locator="Review">true</WriteLocalizedFields><WriteXYCoordFields Locator="Review">true</WriteXYCoordFields><WriteDispXDispYFields Locator="Review">true</WriteDispXDispYFields><WriteDisplayExtentFields Locator="Review">true</WriteDisplayExtentFields><WriteFullStateName Locator="Review">true</WriteFullStateName><ShowStAddr Locator="Review">true</ShowStAddr><reportScorePerComponent Locator="Review">false</reportScorePerComponent><ShowElapsedTime Locator="Review">false</ShowElapsedTime><WriteStandardizedAddressField Locator="Review">false</WriteStandardizedAddressField><WriteReferenceIDField Locator="Review">false</WriteReferenceIDField><WritePercentAlongField Locator="Review">false</WritePercentAlongField><WriteAdditionalOutputFields Locator="Review">false</WriteAdditionalOutputFields><WriteBlockIDField Locator="Review">false</WriteBlockIDField><WriteLocatorSpecificFields Locator="Review">false</WriteLocatorSpecificFields><WriteCountyName Locator="Review">false</WriteCountyName><WriteAbbrStateName Locator="Review">false</WriteAbbrStateName><MinimumCandidateScore Locator="Review">75</MinimumCandidateScore><RuntimeMemoryLimit Locator="Review">1023410176</RuntimeMemoryLimit><ParityBothValue Locator="Review">M</ParityBothValue><SideOffset Locator="Review">3</SideOffset><SideOffsetUnits Locator="Review">Meters</SideOffsetUnits><EndOffset Locator="Review">10</EndOffset><EndOffsetUnits Locator="Review">Meters</EndOffsetUnits><Interpolate.SideValue.Left Locator="Review">L</Interpolate.SideValue.Left><Interpolate.SideValue.Right Locator="Review">R</Interpolate.SideValue.Right><IntersectionConnectors Locator="Review">&amp; @ | and at</IntersectionConnectors><WriteUnitInfoFields Locator="Review">false</WriteUnitInfoFields><supportsEmptyHouseNumber Locator="Review">true</supportsEmptyHouseNumber><SupportsWeightedHouseNumber Locator="Review">true</SupportsWeightedHouseNumber><supportsIntersections Locator="Review">true</supportsIntersections><interpolate Locator="Review">true</interpolate><MinimumMatchScore Locator="Review">85</MinimumMatchScore><SupportsPointAddressNumber Locator="Review">false</SupportsPointAddressNumber><SupportsStreetAddressNumber Locator="Review">true</SupportsStreetAddressNumber><SupportsSubAddress Locator="Review">false</SupportsSubAddress><StoreStandardizedRefData Locator="Review">true</StoreStandardizedRefData><BatchPresortInputs Locator="Review">State</BatchPresortInputs><BatchPresortInputs Locator="Review">ZIP</BatchPresortInputs><BatchPresortInputs Locator="Review">City</BatchPresortInputs><CLSID Locator="Review">{DA70B7E3-10B2-42E3-BFF7-6C81355862BC}</CLSID><LocatorWorkspaceString Locator="Review">ProgID = esriDataSourcesFile.ShapefileWorkspaceFactory.1; Path = ..\..\..\..\Geocoding_2019\SMTuc\Shp\Locators</LocatorWorkspaceString><LocFileUseUTF8 Locator="Review">True</LocFileUseUTF8><RebuildStartTime Locator="Review">132345753702560000</RebuildStartTime><RebuildStartTimeAscii Locator="Review">22:56:10</RebuildStartTimeAscii><SafeLocatorName Locator="Review">loc_smtuc_2020_v4</SafeLocatorName><UICLSID Locator="Review">{AE5A3A0E-F756-11D2-9F4F-00C04F8ED1C4}</UICLSID><UseMultithreading Locator="Review">True</UseMultithreading><ParityEvenValue Locator="Review">E</ParityEvenValue><ParityOddValue Locator="Review">O</ParityOddValue><GeometryFromDisplayFields Locator="Review">false</GeometryFromDisplayFields><NumThreads Locator="Review">1</NumThreads><InTable Locator="Review">::</InTable><InKeyColumns Locator="Review">::</InKeyColumns><InColumns Locator="Review">ARC_Street</InColumns><OutTable Locator="Review">::</OutTable><OutKeyColumns Locator="Review">::</OutKeyColumns><BatchPresortCacheSize Locator="Review">50000</BatchPresortCacheSize></RematchLocator><DataProperties><itemProps><itemName Sync="TRUE">homicidios</itemName><imsContentType Sync="TRUE">002</imsContentType><itemSize Sync="TRUE">0.000</itemSize><itemLocation><linkage Sync="TRUE">file://\\NELSONARG\D$\OneDrive\Geocoding_2019\FrontEnd\homicidios.shp</linkage><protocol Sync="TRUE">Local Area Network</protocol></itemLocation></itemProps><coordRef><type Sync="TRUE">Projected</type><geogcsn Sync="TRUE">GCS_WGS_1984</geogcsn><csUnits Sync="TRUE">Linear Unit: Meter (1.000000)</csUnits><peXml Sync="TRUE">&lt;ProjectedCoordinateSystem xsi:type='typens:ProjectedCoordinateSystem' xmlns:xsi='http://www.w3.org/2001/XMLSchema-instance' xmlns:xs='http://www.w3.org/2001/XMLSchema' xmlns:typens='http://www.esri.com/schemas/ArcGIS/10.7'&gt;&lt;WKT&gt;PROJCS[&amp;quot;WGS_1984_Web_Mercator_Auxiliary_Sphere&amp;quot;,GEOGCS[&amp;quot;GCS_WGS_1984&amp;quot;,DATUM[&amp;quot;D_WGS_1984&amp;quot;,SPHEROID[&amp;quot;WGS_1984&amp;quot;,6378137.0,298.257223563]],PRIMEM[&amp;quot;Greenwich&amp;quot;,0.0],UNIT[&amp;quot;Degree&amp;quot;,0.0174532925199433]],PROJECTION[&amp;quot;Mercator_Auxiliary_Sphere&amp;quot;],PARAMETER[&amp;quot;False_Easting&amp;quot;,0.0],PARAMETER[&amp;quot;False_Northing&amp;quot;,0.0],PARAMETER[&amp;quot;Central_Meridian&amp;quot;,0.0],PARAMETER[&amp;quot;Standard_Parallel_1&amp;quot;,0.0],PARAMETER[&amp;quot;Auxiliary_Sphere_Type&amp;quot;,0.0],UNIT[&amp;quot;Meter&amp;quot;,1.0],AUTHORITY[&amp;quot;EPSG&amp;quot;,3857]]&lt;/WKT&gt;&lt;XOrigin&gt;-20037700&lt;/XOrigin&gt;&lt;YOrigin&gt;-30241100&lt;/YOrigin&gt;&lt;XYScale&gt;148923141.92838538&lt;/XYScale&gt;&lt;ZOrigin&gt;-100000&lt;/ZOrigin&gt;&lt;ZScale&gt;10000&lt;/ZScale&gt;&lt;MOrigin&gt;-100000&lt;/MOrigin&gt;&lt;MScale&gt;10000&lt;/MScale&gt;&lt;XYTolerance&gt;0.001&lt;/XYTolerance&gt;&lt;ZTolerance&gt;0.001&lt;/ZTolerance&gt;&lt;MTolerance&gt;0.001&lt;/MTolerance&gt;&lt;HighPrecision&gt;true&lt;/HighPrecision&gt;&lt;WKID&gt;102100&lt;/WKID&gt;&lt;LatestWKID&gt;3857&lt;/LatestWKID&gt;&lt;/ProjectedCoordinateSystem&gt;</peXml><projcsn Sync="TRUE">WGS_1984_Web_Mercator_Auxiliary_Sphere</projcsn></coordRef><lineage><Process ToolSource="c:\program files (x86)\arcgis\desktop10.7\ArcToolbox\Toolboxes\Data Management Tools.tbx\Merge" Date="20200612" Time="234819">Merge 'Geocoding Result: homicidios_2014_mar2020';'Geocoding Result: homicidios_2020_abr_may' "D:\OneDrive\Analisis Delito\Homicidios\Capital\Shp\homicidios_2014_may2020.shp" "Status "Status" true true false 1 Text 0 0 ,First,#,Geocoding Result: homicidios_2014_mar2020,Status,-1,-1,Geocoding Result: homicidios_2020_abr_may,Status,-1,-1;Score "Score" true true false 19 Double 2 18 ,First,#,Geocoding Result: homicidios_2014_mar2020,Score,-1,-1,Geocoding Result: homicidios_2020_abr_may,Score,-1,-1;Match_type "Match_type" true true false 2 Text 0 0 ,First,#,Geocoding Result: homicidios_2014_mar2020,Match_type,-1,-1,Geocoding Result: homicidios_2020_abr_may,Match_type,-1,-1;Match_addr "Match_addr" true true false 120 Text 0 0 ,First,#,Geocoding Result: homicidios_2014_mar2020,Match_addr,-1,-1,Geocoding Result: homicidios_2020_abr_may,Match_addr,-1,-1;Addr_type "Addr_type" true true false 20 Text 0 0 ,First,#,Geocoding Result: homicidios_2014_mar2020,Addr_type,-1,-1,Geocoding Result: homicidios_2020_abr_may,Addr_type,-1,-1;AddNum "AddNum" true true false 12 Text 0 0 ,First,#,Geocoding Result: homicidios_2014_mar2020,AddNum,-1,-1,Geocoding Result: homicidios_2020_abr_may,AddNum,-1,-1;AddNumFrom "AddNumFrom" true true false 10 Text 0 0 ,First,#,Geocoding Result: homicidios_2014_mar2020,AddNumFrom,-1,-1,Geocoding Result: homicidios_2020_abr_may,AddNumFrom,-1,-1;AddNumTo "AddNumTo" true true false 10 Text 0 0 ,First,#,Geocoding Result: homicidios_2014_mar2020,AddNumTo,-1,-1,Geocoding Result: homicidios_2020_abr_may,AddNumTo,-1,-1;Side "Side" true true false 1 Text 0 0 ,First,#,Geocoding Result: homicidios_2014_mar2020,Side,-1,-1,Geocoding Result: homicidios_2020_abr_may,Side,-1,-1;StPreDir "StPreDir" true true false 20 Text 0 0 ,First,#,Geocoding Result: homicidios_2014_mar2020,StPreDir,-1,-1,Geocoding Result: homicidios_2020_abr_may,StPreDir,-1,-1;StPreType "StPreType" true true false 20 Text 0 0 ,First,#,Geocoding Result: homicidios_2014_mar2020,StPreType,-1,-1,Geocoding Result: homicidios_2020_abr_may,StPreType,-1,-1;StName "StName" true true false 70 Text 0 0 ,First,#,Geocoding Result: homicidios_2014_mar2020,StName,-1,-1,Geocoding Result: homicidios_2020_abr_may,StName,-1,-1;StType "StType" true true false 20 Text 0 0 ,First,#,Geocoding Result: homicidios_2014_mar2020,StType,-1,-1,Geocoding Result: homicidios_2020_abr_may,StType,-1,-1;StDir "StDir" true true false 20 Text 0 0 ,First,#,Geocoding Result: homicidios_2014_mar2020,StDir,-1,-1,Geocoding Result: homicidios_2020_abr_may,StDir,-1,-1;StAddr "StAddr" true true false 120 Text 0 0 ,First,#,Geocoding Result: homicidios_2014_mar2020,StAddr,-1,-1,Geocoding Result: homicidios_2020_abr_may,StAddr,-1,-1;City "City" true true false 70 Text 0 0 ,First,#,Geocoding Result: homicidios_2014_mar2020,City,-1,-1,Geocoding Result: homicidios_2020_abr_may,City,-1,-1;County "County" true true false 70 Text 0 0 ,First,#,Geocoding Result: homicidios_2014_mar2020,County,-1,-1,Geocoding Result: homicidios_2020_abr_may,County,-1,-1;State "State" true true false 100 Text 0 0 ,First,#,Geocoding Result: homicidios_2014_mar2020,State,-1,-1,Geocoding Result: homicidios_2020_abr_may,State,-1,-1;StateAbbr "StateAbbr" true true false 100 Text 0 0 ,First,#,Geocoding Result: homicidios_2014_mar2020,StateAbbr,-1,-1,Geocoding Result: homicidios_2020_abr_may,StateAbbr,-1,-1;ZIP "ZIP" true true false 10 Text 0 0 ,First,#,Geocoding Result: homicidios_2014_mar2020,ZIP,-1,-1,Geocoding Result: homicidios_2020_abr_may,ZIP,-1,-1;Country "Country" true true false 3 Text 0 0 ,First,#,Geocoding Result: homicidios_2014_mar2020,Country,-1,-1,Geocoding Result: homicidios_2020_abr_may,Country,-1,-1;LangCode "LangCode" true true false 3 Text 0 0 ,First,#,Geocoding Result: homicidios_2014_mar2020,LangCode,-1,-1,Geocoding Result: homicidios_2020_abr_may,LangCode,-1,-1;Distance "Distance" true true false 19 Double 2 18 ,First,#,Geocoding Result: homicidios_2014_mar2020,Distance,-1,-1,Geocoding Result: homicidios_2020_abr_may,Distance,-1,-1;X "X" true true false 19 Double 6 18 ,First,#,Geocoding Result: homicidios_2014_mar2020,X,-1,-1,Geocoding Result: homicidios_2020_abr_may,X,-1,-1;Y "Y" true true false 19 Double 6 18 ,First,#,Geocoding Result: homicidios_2014_mar2020,Y,-1,-1,Geocoding Result: homicidios_2020_abr_may,Y,-1,-1;DisplayX "DisplayX" true true false 19 Double 6 18 ,First,#,Geocoding Result: homicidios_2014_mar2020,DisplayX,-1,-1,Geocoding Result: homicidios_2020_abr_may,DisplayX,-1,-1;DisplayY "DisplayY" true true false 19 Double 6 18 ,First,#,Geocoding Result: homicidios_2014_mar2020,DisplayY,-1,-1,Geocoding Result: homicidios_2020_abr_may,DisplayY,-1,-1;Xmin "Xmin" true true false 19 Double 6 18 ,First,#,Geocoding Result: homicidios_2014_mar2020,Xmin,-1,-1,Geocoding Result: homicidios_2020_abr_may,Xmin,-1,-1;Xmax "Xmax" true true false 19 Double 6 18 ,First,#,Geocoding Result: homicidios_2014_mar2020,Xmax,-1,-1,Geocoding Result: homicidios_2020_abr_may,Xmax,-1,-1;Ymin "Ymin" true true false 19 Double 6 18 ,First,#,Geocoding Result: homicidios_2014_mar2020,Ymin,-1,-1,Geocoding Result: homicidios_2020_abr_may,Ymin,-1,-1;Ymax "Ymax" true true false 19 Double 6 18 ,First,#,Geocoding Result: homicidios_2014_mar2020,Ymax,-1,-1,Geocoding Result: homicidios_2020_abr_may,Ymax,-1,-1;ARC_Street "ARC_Street" true true false 100 Text 0 0 ,First,#,Geocoding Result: homicidios_2014_mar2020,ARC_Street,-1,-1,Geocoding Result: homicidios_2020_abr_may,ARC_Street,-1,-1;ID "ID" true true false 16 Double 6 15 ,First,#,Geocoding Result: homicidios_2014_mar2020,ID,-1,-1,Geocoding Result: homicidios_2020_abr_may,ID,-1,-1;MOVIL "MOVIL" true true false 254 Text 0 0 ,First,#,Geocoding Result: homicidios_2014_mar2020,MOVIL,-1,-1,Geocoding Result: homicidios_2020_abr_may,MOVIL,-1,-1;REGIONAL "REGIONAL" true true false 254 Text 0 0 ,First,#,Geocoding Result: homicidios_2014_mar2020,REGIONAL,-1,-1,Geocoding Result: homicidios_2020_abr_may,REGIONAL,-1,-1;DEPENDENCI "DEPENDENCI" true true false 254 Text 0 0 ,First,#,Geocoding Result: homicidios_2014_mar2020,DEPENDENCI,-1,-1,Geocoding Result: homicidios_2020_abr_may,DEPENDENCI,-1,-1;COMISARIA_ "COMISARIA_" true true false 16 Double 6 15 ,First,#,Geocoding Result: homicidios_2014_mar2020,COMISARIA_,-1,-1,Geocoding Result: homicidios_2020_abr_may,COMISARIA_,-1,-1;DIA_SEM "DIA_SEM" true true false 254 Text 0 0 ,First,#,Geocoding Result: homicidios_2014_mar2020,DIA_SEM,-1,-1,Geocoding Result: homicidios_2020_abr_may,DIA_SEM,-1,-1;MES_TEXTO "MES_TEXTO" true true false 254 Text 0 0 ,First,#,Geocoding Result: homicidios_2014_mar2020,MES_TEXTO,-1,-1,Geocoding Result: homicidios_2020_abr_may,MES_TEXTO,-1,-1;MES_NUM "MES_NUM" true true false 16 Double 6 15 ,First,#,Geocoding Result: homicidios_2014_mar2020,MES_NUM,-1,-1,Geocoding Result: homicidios_2020_abr_may,MES_NUM,-1,-1;DIA_NUM "DIA_NUM" true true false 16 Double 6 15 ,First,#,Geocoding Result: homicidios_2014_mar2020,DIA_NUM,-1,-1,Geocoding Result: homicidios_2020_abr_may,DIA_NUM,-1,-1;ANIO_NUM "ANIO_NUM" true true false 16 Double 6 15 ,First,#,Geocoding Result: homicidios_2014_mar2020,ANIO_NUM,-1,-1,Geocoding Result: homicidios_2020_abr_may,ANIO_NUM,-1,-1;FECHA_TEXT "FECHA_TEXT" true true false 254 Text 0 0 ,First,#,Geocoding Result: homicidios_2014_mar2020,FECHA_TEXT,-1,-1,Geocoding Result: homicidios_2020_abr_may,FECHA_TEXT,-1,-1;FECHA_DATE "FECHA_DATE" true true false 8 Date 0 0 ,First,#,Geocoding Result: homicidios_2014_mar2020,FECHA_DATE,-1,-1,Geocoding Result: homicidios_2020_abr_may,FECHA_DATE,-1,-1;HORA "HORA" true true false 254 Text 0 0 ,First,#,Geocoding Result: homicidios_2014_mar2020,HORA,-1,-1,Geocoding Result: homicidios_2020_abr_may,HORA,-1,-1;DEPARTAMEN "DEPARTAMEN" true true false 254 Text 0 0 ,First,#,Geocoding Result: homicidios_2014_mar2020,DEPARTAMEN,-1,-1,Geocoding Result: homicidios_2020_abr_may,DEPARTAMEN,-1,-1;LOCALIDAD "LOCALIDAD" true true false 254 Text 0 0 ,First,#,Geocoding Result: homicidios_2014_mar2020,LOCALIDAD,-1,-1,Geocoding Result: homicidios_2020_abr_may,LOCALIDAD,-1,-1;UBICACIÓN "UBICACIÓN" true true false 254 Text 0 0 ,First,#,Geocoding Result: homicidios_2014_mar2020,UBICACIÓN,-1,-1,Geocoding Result: homicidios_2020_abr_may,UBICACIÓN,-1,-1;UBICACION "UBICACION" true true false 254 Text 0 0 ,First,#,Geocoding Result: homicidios_2014_mar2020,UBICACION,-1,-1,Geocoding Result: homicidios_2020_abr_may,UBICACION,-1,-1;VICTIMA "VICTIMA" true true false 254 Text 0 0 ,First,#,Geocoding Result: homicidios_2014_mar2020,VICTIMA,-1,-1,Geocoding Result: homicidios_2020_abr_may,VICTIMA,-1,-1;CANT_VICTI "CANT_VICTI" true true false 16 Double 6 15 ,First,#,Geocoding Result: homicidios_2014_mar2020,CANT_VICTI,-1,-1,Geocoding Result: homicidios_2020_abr_may,CANT_VICTI,-1,-1;SEXO "SEXO" true true false 254 Text 0 0 ,First,#,Geocoding Result: homicidios_2014_mar2020,SEXO,-1,-1,Geocoding Result: homicidios_2020_abr_may,SEXO,-1,-1;EDAD "EDAD" true true false 16 Double 6 15 ,First,#,Geocoding Result: homicidios_2014_mar2020,EDAD,-1,-1,Geocoding Result: homicidios_2020_abr_may,EDAD,-1,-1;DOMICILIO "DOMICILIO" true true false 254 Text 0 0 ,First,#,Geocoding Result: homicidios_2014_mar2020,DOMICILIO,-1,-1,Geocoding Result: homicidios_2020_abr_may,DOMICILIO,-1,-1;VICTIMARIO "VICTIMARIO" true true false 254 Text 0 0 ,First,#,Geocoding Result: homicidios_2014_mar2020,VICTIMARIO,-1,-1,Geocoding Result: homicidios_2020_abr_may,VICTIMARIO,-1,-1;PARENTESCO "PARENTESCO" true true false 254 Text 0 0 ,First,#,Geocoding Result: homicidios_2014_mar2020,PARENTESCO,-1,-1,Geocoding Result: homicidios_2020_abr_may,PARENTESCO,-1,-1;PARENT_NUM "PARENT_NUM" true true false 16 Double 6 15 ,First,#,Geocoding Result: homicidios_2014_mar2020,PARENT_NUM,-1,-1,Geocoding Result: homicidios_2020_abr_may,PARENT_NUM,-1,-1;VINCULO "VINCULO" true true false 16 Double 6 15 ,First,#,Geocoding Result: homicidios_2014_mar2020,VINCULO,-1,-1,Geocoding Result: homicidios_2020_abr_may,VINCULO,-1,-1;ARMA_OTROS "ARMA_OTROS" true true false 254 Text 0 0 ,First,#,Geocoding Result: homicidios_2014_mar2020,ARMA_OTROS,-1,-1,Geocoding Result: homicidios_2020_abr_may,ARMA_OTROS,-1,-1;MOVIL2 "MOVIL2" true true false 254 Text 0 0 ,First,#,Geocoding Result: homicidios_2014_mar2020,MOVIL2,-1,-1,Geocoding Result: homicidios_2020_abr_may,MOVIL2,-1,-1;ARMA "ARMA" true true false 16 Double 6 15 ,First,#,Geocoding Result: homicidios_2014_mar2020,ARMA,-1,-1,Geocoding Result: homicidios_2020_abr_may,ARMA,-1,-1;HORA_NUM "HORA_NUM" true true false 16 Double 6 15 ,First,#,Geocoding Result: homicidios_2014_mar2020,HORA_NUM,-1,-1,Geocoding Result: homicidios_2020_abr_may,HORA_NUM,-1,-1;Lugar "Lugar" true true false 5 Long 0 5 ,First,#,Geocoding Result: homicidios_2014_mar2020,Lugar,-1,-1"</Process><Process ToolSource="c:\program files (x86)\arcgis\desktop10.7\ArcToolbox\Toolboxes\Data Management Tools.tbx\Merge" Date="20200706" Time="205951">Merge homicidios_2014_may2020;Geocoding_Result_3 "D:\OneDrive\Analisis Delito\Homicidios\Capital\Shp\homicidios_2014_jun2020.shp" "Status "Status" true true false 1 Text 0 0 ,First,#,homicidios_2014_may2020,Status,-1,-1,Geocoding_Result_3,Status,-1,-1;Score "Score" true true false 19 Double 2 18 ,First,#,homicidios_2014_may2020,Score,-1,-1,Geocoding_Result_3,Score,-1,-1;Match_type "Match_type" true true false 2 Text 0 0 ,First,#,homicidios_2014_may2020,Match_type,-1,-1,Geocoding_Result_3,Match_type,-1,-1;Match_addr "Match_addr" true true false 120 Text 0 0 ,First,#,homicidios_2014_may2020,Match_addr,-1,-1,Geocoding_Result_3,Match_addr,-1,-1;Addr_type "Addr_type" true true false 20 Text 0 0 ,First,#,homicidios_2014_may2020,Addr_type,-1,-1,Geocoding_Result_3,Addr_type,-1,-1;AddNum "AddNum" true true false 12 Text 0 0 ,First,#,homicidios_2014_may2020,AddNum,-1,-1,Geocoding_Result_3,AddNum,-1,-1;AddNumFrom "AddNumFrom" true true false 10 Text 0 0 ,First,#,homicidios_2014_may2020,AddNumFrom,-1,-1,Geocoding_Result_3,AddNumFrom,-1,-1;AddNumTo "AddNumTo" true true false 10 Text 0 0 ,First,#,homicidios_2014_may2020,AddNumTo,-1,-1,Geocoding_Result_3,AddNumTo,-1,-1;Side "Side" true true false 1 Text 0 0 ,First,#,homicidios_2014_may2020,Side,-1,-1,Geocoding_Result_3,Side,-1,-1;StPreDir "StPreDir" true true false 20 Text 0 0 ,First,#,homicidios_2014_may2020,StPreDir,-1,-1,Geocoding_Result_3,StPreDir,-1,-1;StPreType "StPreType" true true false 20 Text 0 0 ,First,#,homicidios_2014_may2020,StPreType,-1,-1,Geocoding_Result_3,StPreType,-1,-1;StName "StName" true true false 70 Text 0 0 ,First,#,homicidios_2014_may2020,StName,-1,-1,Geocoding_Result_3,StName,-1,-1;StType "StType" true true false 20 Text 0 0 ,First,#,homicidios_2014_may2020,StType,-1,-1,Geocoding_Result_3,StType,-1,-1;StDir "StDir" true true false 20 Text 0 0 ,First,#,homicidios_2014_may2020,StDir,-1,-1,Geocoding_Result_3,StDir,-1,-1;StAddr "StAddr" true true false 120 Text 0 0 ,First,#,homicidios_2014_may2020,StAddr,-1,-1,Geocoding_Result_3,StAddr,-1,-1;City "City" true true false 70 Text 0 0 ,First,#,homicidios_2014_may2020,City,-1,-1,Geocoding_Result_3,City,-1,-1;County "County" true true false 70 Text 0 0 ,First,#,homicidios_2014_may2020,County,-1,-1,Geocoding_Result_3,County,-1,-1;State "State" true true false 100 Text 0 0 ,First,#,homicidios_2014_may2020,State,-1,-1,Geocoding_Result_3,State,-1,-1;StateAbbr "StateAbbr" true true false 100 Text 0 0 ,First,#,homicidios_2014_may2020,StateAbbr,-1,-1,Geocoding_Result_3,StateAbbr,-1,-1;ZIP "ZIP" true true false 10 Text 0 0 ,First,#,homicidios_2014_may2020,ZIP,-1,-1,Geocoding_Result_3,ZIP,-1,-1;Country "Country" true true false 3 Text 0 0 ,First,#,homicidios_2014_may2020,Country,-1,-1,Geocoding_Result_3,Country,-1,-1;LangCode "LangCode" true true false 3 Text 0 0 ,First,#,homicidios_2014_may2020,LangCode,-1,-1,Geocoding_Result_3,LangCode,-1,-1;Distance "Distance" true true false 19 Double 2 18 ,First,#,homicidios_2014_may2020,Distance,-1,-1,Geocoding_Result_3,Distance,-1,-1;X "X" true true false 19 Double 6 18 ,First,#,homicidios_2014_may2020,X,-1,-1,Geocoding_Result_3,X,-1,-1;Y "Y" true true false 19 Double 6 18 ,First,#,homicidios_2014_may2020,Y,-1,-1,Geocoding_Result_3,Y,-1,-1;DisplayX "DisplayX" true true false 19 Double 6 18 ,First,#,homicidios_2014_may2020,DisplayX,-1,-1,Geocoding_Result_3,DisplayX,-1,-1;DisplayY "DisplayY" true true false 19 Double 6 18 ,First,#,homicidios_2014_may2020,DisplayY,-1,-1,Geocoding_Result_3,DisplayY,-1,-1;Xmin "Xmin" true true false 19 Double 6 18 ,First,#,homicidios_2014_may2020,Xmin,-1,-1,Geocoding_Result_3,Xmin,-1,-1;Xmax "Xmax" true true false 19 Double 6 18 ,First,#,homicidios_2014_may2020,Xmax,-1,-1,Geocoding_Result_3,Xmax,-1,-1;Ymin "Ymin" true true false 19 Double 6 18 ,First,#,homicidios_2014_may2020,Ymin,-1,-1,Geocoding_Result_3,Ymin,-1,-1;Ymax "Ymax" true true false 19 Double 6 18 ,First,#,homicidios_2014_may2020,Ymax,-1,-1,Geocoding_Result_3,Ymax,-1,-1;ARC_Street "ARC_Street" true true false 100 Text 0 0 ,First,#,homicidios_2014_may2020,ARC_Street,-1,-1,Geocoding_Result_3,ARC_Street,-1,-1;ID "ID" true true false 16 Double 6 15 ,First,#,homicidios_2014_may2020,ID,-1,-1,Geocoding_Result_3,ID,-1,-1;MOVIL "MOVIL" true true false 254 Text 0 0 ,First,#,homicidios_2014_may2020,MOVIL,-1,-1,Geocoding_Result_3,MOVIL,-1,-1;REGIONAL "REGIONAL" true true false 254 Text 0 0 ,First,#,homicidios_2014_may2020,REGIONAL,-1,-1,Geocoding_Result_3,REGIONAL,-1,-1;DEPENDENCI "DEPENDENCI" true true false 254 Text 0 0 ,First,#,homicidios_2014_may2020,DEPENDENCI,-1,-1,Geocoding_Result_3,DEPENDENCI,-1,-1;COMISARIA_ "COMISARIA_" true true false 16 Double 6 15 ,First,#,homicidios_2014_may2020,COMISARIA_,-1,-1,Geocoding_Result_3,COMISARIA_,-1,-1;DIA_SEM "DIA_SEM" true true false 254 Text 0 0 ,First,#,homicidios_2014_may2020,DIA_SEM,-1,-1,Geocoding_Result_3,DIA_SEM,-1,-1;MES_TEXTO "MES_TEXTO" true true false 254 Text 0 0 ,First,#,homicidios_2014_may2020,MES_TEXTO,-1,-1,Geocoding_Result_3,MES_TEXTO,-1,-1;MES_NUM "MES_NUM" true true false 16 Double 6 15 ,First,#,homicidios_2014_may2020,MES_NUM,-1,-1,Geocoding_Result_3,MES_NUM,-1,-1;DIA_NUM "DIA_NUM" true true false 16 Double 6 15 ,First,#,homicidios_2014_may2020,DIA_NUM,-1,-1,Geocoding_Result_3,DIA_NUM,-1,-1;ANIO_NUM "ANIO_NUM" true true false 16 Double 6 15 ,First,#,homicidios_2014_may2020,ANIO_NUM,-1,-1,Geocoding_Result_3,ANIO_NUM,-1,-1;FECHA_TEXT "FECHA_TEXT" true true false 254 Text 0 0 ,First,#,homicidios_2014_may2020,FECHA_TEXT,-1,-1,Geocoding_Result_3,FECHA_TEXT,-1,-1;FECHA_DATE "FECHA_DATE" true true false 8 Date 0 0 ,First,#,homicidios_2014_may2020,FECHA_DATE,-1,-1,Geocoding_Result_3,FECHA_DATE,-1,-1;HORA "HORA" true true false 254 Text 0 0 ,First,#,homicidios_2014_may2020,HORA,-1,-1,Geocoding_Result_3,HORA,-1,-1;DEPARTAMEN "DEPARTAMEN" true true false 254 Text 0 0 ,First,#,homicidios_2014_may2020,DEPARTAMEN,-1,-1,Geocoding_Result_3,DEPARTAMEN,-1,-1;LOCALIDAD "LOCALIDAD" true true false 254 Text 0 0 ,First,#,homicidios_2014_may2020,LOCALIDAD,-1,-1,Geocoding_Result_3,LOCALIDAD,-1,-1;UBICACIÓN "UBICACIÓN" true true false 254 Text 0 0 ,First,#,homicidios_2014_may2020,UBICACIÓN,-1,-1,Geocoding_Result_3,UBICACIÓN,-1,-1;UBICACION "UBICACION" true true false 254 Text 0 0 ,First,#,homicidios_2014_may2020,UBICACION,-1,-1,Geocoding_Result_3,UBICACION,-1,-1;VICTIMA "VICTIMA" true true false 254 Text 0 0 ,First,#,homicidios_2014_may2020,VICTIMA,-1,-1,Geocoding_Result_3,VICTIMA,-1,-1;CANT_VICTI "CANT_VICTI" true true false 16 Double 6 15 ,First,#,homicidios_2014_may2020,CANT_VICTI,-1,-1,Geocoding_Result_3,CANT_VICTI,-1,-1;SEXO "SEXO" true true false 254 Text 0 0 ,First,#,homicidios_2014_may2020,SEXO,-1,-1,Geocoding_Result_3,SEXO,-1,-1;EDAD "EDAD" true true false 16 Double 6 15 ,First,#,homicidios_2014_may2020,EDAD,-1,-1,Geocoding_Result_3,EDAD,-1,-1;DOMICILIO "DOMICILIO" true true false 254 Text 0 0 ,First,#,homicidios_2014_may2020,DOMICILIO,-1,-1,Geocoding_Result_3,DOMICILIO,-1,-1;VICTIMARIO "VICTIMARIO" true true false 254 Text 0 0 ,First,#,homicidios_2014_may2020,VICTIMARIO,-1,-1,Geocoding_Result_3,VICTIMARIO,-1,-1;PARENTESCO "PARENTESCO" true true false 254 Text 0 0 ,First,#,homicidios_2014_may2020,PARENTESCO,-1,-1,Geocoding_Result_3,PARENTESCO,-1,-1;PARENT_NUM "PARENT_NUM" true true false 16 Double 6 15 ,First,#,homicidios_2014_may2020,PARENT_NUM,-1,-1,Geocoding_Result_3,PARENT_NUM,-1,-1;VINCULO "VINCULO" true true false 16 Double 6 15 ,First,#,homicidios_2014_may2020,VINCULO,-1,-1,Geocoding_Result_3,VINCULO,-1,-1;ARMA_OTROS "ARMA_OTROS" true true false 254 Text 0 0 ,First,#,homicidios_2014_may2020,ARMA_OTROS,-1,-1,Geocoding_Result_3,ARMA_OTROS,-1,-1;MOVIL2 "MOVIL2" true true false 254 Text 0 0 ,First,#,homicidios_2014_may2020,MOVIL2,-1,-1,Geocoding_Result_3,MOVIL2,-1,-1;ARMA "ARMA" true true false 16 Double 6 15 ,First,#,homicidios_2014_may2020,ARMA,-1,-1,Geocoding_Result_3,ARMA,-1,-1;HORA_NUM "HORA_NUM" true true false 16 Double 6 15 ,First,#,homicidios_2014_may2020,HORA_NUM,-1,-1,Geocoding_Result_3,HORA_NUM,-1,-1;Lugar "Lugar" true true false 5 Long 0 5 ,First,#,homicidios_2014_may2020,Lugar,-1,-1"</Process><Process ToolSource="c:\program files (x86)\arcgis\desktop10.7\ArcToolbox\Toolboxes\Data Management Tools.tbx\Project" Date="20200706" Time="222213">Project homicidios_2014_jun2020 "D:\OneDrive\Analisis Delito\Homicidios\Capital\Shp\Analisis\Regresion\Shp_Bases\homicidios_2014_jun2020.shp" PROJCS['WGS_1984_Web_Mercator_Auxiliary_Sphere',GEOGCS['GCS_WGS_1984',DATUM['D_WGS_1984',SPHEROID['WGS_1984',6378137.0,298.257223563]],PRIMEM['Greenwich',0.0],UNIT['Degree',0.0174532925199433]],PROJECTION['Mercator_Auxiliary_Sphere'],PARAMETER['False_Easting',0.0],PARAMETER['False_Northing',0.0],PARAMETER['Central_Meridian',0.0],PARAMETER['Standard_Parallel_1',0.0],PARAMETER['Auxiliary_Sphere_Type',0.0],UNIT['Meter',1.0]] # GEOGCS['GCS_WGS_1984',DATUM['D_WGS_1984',SPHEROID['WGS_1984',6378137.0,298.257223563]],PRIMEM['Greenwich',0.0],UNIT['Degree',0.0174532925199433]] NO_PRESERVE_SHAPE # NO_VERTICAL</Process><Process ToolSource="c:\program files (x86)\arcgis\desktop10.8\ArcToolbox\Toolboxes\Data Management Tools.tbx\Merge" Date="20200805" Time="231003">Merge homicidios_2014_jun2020;'Geocoding Result: homicidios_2020_julio' "D:\OneDrive\Analisis Delito\Homicidios\Capital\Shp\homicidios_2014_jul2020.shp" "Status "Status" true true false 1 Text 0 0 ,First,#,homicidios_2014_jun2020,Status,-1,-1,Geocoding Result: homicidios_2020_julio,Status,-1,-1;Score "Score" true true false 19 Double 2 18 ,First,#,homicidios_2014_jun2020,Score,-1,-1,Geocoding Result: homicidios_2020_julio,Score,-1,-1;Match_type "Match_type" true true false 2 Text 0 0 ,First,#,homicidios_2014_jun2020,Match_type,-1,-1,Geocoding Result: homicidios_2020_julio,Match_type,-1,-1;Match_addr "Match_addr" true true false 120 Text 0 0 ,First,#,homicidios_2014_jun2020,Match_addr,-1,-1,Geocoding Result: homicidios_2020_julio,Match_addr,-1,-1;Addr_type "Addr_type" true true false 20 Text 0 0 ,First,#,homicidios_2014_jun2020,Addr_type,-1,-1,Geocoding Result: homicidios_2020_julio,Addr_type,-1,-1;AddNum "AddNum" true true false 12 Text 0 0 ,First,#,homicidios_2014_jun2020,AddNum,-1,-1,Geocoding Result: homicidios_2020_julio,AddNum,-1,-1;AddNumFrom "AddNumFrom" true true false 10 Text 0 0 ,First,#,homicidios_2014_jun2020,AddNumFrom,-1,-1,Geocoding Result: homicidios_2020_julio,AddNumFrom,-1,-1;AddNumTo "AddNumTo" true true false 10 Text 0 0 ,First,#,homicidios_2014_jun2020,AddNumTo,-1,-1,Geocoding Result: homicidios_2020_julio,AddNumTo,-1,-1;Side "Side" true true false 1 Text 0 0 ,First,#,homicidios_2014_jun2020,Side,-1,-1,Geocoding Result: homicidios_2020_julio,Side,-1,-1;StPreDir "StPreDir" true true false 20 Text 0 0 ,First,#,homicidios_2014_jun2020,StPreDir,-1,-1,Geocoding Result: homicidios_2020_julio,StPreDir,-1,-1;StPreType "StPreType" true true false 20 Text 0 0 ,First,#,homicidios_2014_jun2020,StPreType,-1,-1,Geocoding Result: homicidios_2020_julio,StPreType,-1,-1;StName "StName" true true false 70 Text 0 0 ,First,#,homicidios_2014_jun2020,StName,-1,-1,Geocoding Result: homicidios_2020_julio,StName,-1,-1;StType "StType" true true false 20 Text 0 0 ,First,#,homicidios_2014_jun2020,StType,-1,-1,Geocoding Result: homicidios_2020_julio,StType,-1,-1;StDir "StDir" true true false 20 Text 0 0 ,First,#,homicidios_2014_jun2020,StDir,-1,-1,Geocoding Result: homicidios_2020_julio,StDir,-1,-1;StAddr "StAddr" true true false 120 Text 0 0 ,First,#,homicidios_2014_jun2020,StAddr,-1,-1,Geocoding Result: homicidios_2020_julio,StAddr,-1,-1;City "City" true true false 70 Text 0 0 ,First,#,homicidios_2014_jun2020,City,-1,-1,Geocoding Result: homicidios_2020_julio,City,-1,-1;County "County" true true false 70 Text 0 0 ,First,#,homicidios_2014_jun2020,County,-1,-1,Geocoding Result: homicidios_2020_julio,County,-1,-1;State "State" true true false 100 Text 0 0 ,First,#,homicidios_2014_jun2020,State,-1,-1,Geocoding Result: homicidios_2020_julio,State,-1,-1;StateAbbr "StateAbbr" true true false 100 Text 0 0 ,First,#,homicidios_2014_jun2020,StateAbbr,-1,-1,Geocoding Result: homicidios_2020_julio,StateAbbr,-1,-1;ZIP "ZIP" true true false 10 Text 0 0 ,First,#,homicidios_2014_jun2020,ZIP,-1,-1,Geocoding Result: homicidios_2020_julio,ZIP,-1,-1;Country "Country" true true false 3 Text 0 0 ,First,#,homicidios_2014_jun2020,Country,-1,-1,Geocoding Result: homicidios_2020_julio,Country,-1,-1;LangCode "LangCode" true true false 3 Text 0 0 ,First,#,homicidios_2014_jun2020,LangCode,-1,-1,Geocoding Result: homicidios_2020_julio,LangCode,-1,-1;Distance "Distance" true true false 19 Double 2 18 ,First,#,homicidios_2014_jun2020,Distance,-1,-1,Geocoding Result: homicidios_2020_julio,Distance,-1,-1;X "X" true true false 19 Double 6 18 ,First,#,homicidios_2014_jun2020,X,-1,-1,Geocoding Result: homicidios_2020_julio,X,-1,-1;Y "Y" true true false 19 Double 6 18 ,First,#,homicidios_2014_jun2020,Y,-1,-1,Geocoding Result: homicidios_2020_julio,Y,-1,-1;DisplayX "DisplayX" true true false 19 Double 6 18 ,First,#,homicidios_2014_jun2020,DisplayX,-1,-1,Geocoding Result: homicidios_2020_julio,DisplayX,-1,-1;DisplayY "DisplayY" true true false 19 Double 6 18 ,First,#,homicidios_2014_jun2020,DisplayY,-1,-1,Geocoding Result: homicidios_2020_julio,DisplayY,-1,-1;Xmin "Xmin" true true false 19 Double 6 18 ,First,#,homicidios_2014_jun2020,Xmin,-1,-1,Geocoding Result: homicidios_2020_julio,Xmin,-1,-1;Xmax "Xmax" true true false 19 Double 6 18 ,First,#,homicidios_2014_jun2020,Xmax,-1,-1,Geocoding Result: homicidios_2020_julio,Xmax,-1,-1;Ymin "Ymin" true true false 19 Double 6 18 ,First,#,homicidios_2014_jun2020,Ymin,-1,-1,Geocoding Result: homicidios_2020_julio,Ymin,-1,-1;Ymax "Ymax" true true false 19 Double 6 18 ,First,#,homicidios_2014_jun2020,Ymax,-1,-1,Geocoding Result: homicidios_2020_julio,Ymax,-1,-1;ARC_Street "ARC_Street" true true false 100 Text 0 0 ,First,#,homicidios_2014_jun2020,ARC_Street,-1,-1,Geocoding Result: homicidios_2020_julio,ARC_Street,-1,-1;ID "ID" true true false 16 Double 6 15 ,First,#,homicidios_2014_jun2020,ID,-1,-1,Geocoding Result: homicidios_2020_julio,ID,-1,-1;MOVIL "MOVIL" true true false 254 Text 0 0 ,First,#,homicidios_2014_jun2020,MOVIL,-1,-1,Geocoding Result: homicidios_2020_julio,MOVIL,-1,-1;REGIONAL "REGIONAL" true true false 254 Text 0 0 ,First,#,homicidios_2014_jun2020,REGIONAL,-1,-1,Geocoding Result: homicidios_2020_julio,REGIONAL,-1,-1;DEPENDENCI "DEPENDENCI" true true false 254 Text 0 0 ,First,#,homicidios_2014_jun2020,DEPENDENCI,-1,-1,Geocoding Result: homicidios_2020_julio,DEPENDENCI,-1,-1;COMISARIA_ "COMISARIA_" true true false 16 Double 6 15 ,First,#,homicidios_2014_jun2020,COMISARIA_,-1,-1,Geocoding Result: homicidios_2020_julio,COMISARIA_,-1,-1;DIA_SEM "DIA_SEM" true true false 254 Text 0 0 ,First,#,homicidios_2014_jun2020,DIA_SEM,-1,-1,Geocoding Result: homicidios_2020_julio,DIA_SEM,-1,-1;MES_TEXTO "MES_TEXTO" true true false 254 Text 0 0 ,First,#,homicidios_2014_jun2020,MES_TEXTO,-1,-1,Geocoding Result: homicidios_2020_julio,MES_TEXTO,-1,-1;MES_NUM "MES_NUM" true true false 16 Double 6 15 ,First,#,homicidios_2014_jun2020,MES_NUM,-1,-1,Geocoding Result: homicidios_2020_julio,MES_NUM,-1,-1;DIA_NUM "DIA_NUM" true true false 16 Double 6 15 ,First,#,homicidios_2014_jun2020,DIA_NUM,-1,-1,Geocoding Result: homicidios_2020_julio,DIA_NUM,-1,-1;ANIO_NUM "ANIO_NUM" true true false 16 Double 6 15 ,First,#,homicidios_2014_jun2020,ANIO_NUM,-1,-1,Geocoding Result: homicidios_2020_julio,ANIO_NUM,-1,-1;FECHA_TEXT "FECHA_TEXT" true true false 254 Text 0 0 ,First,#,homicidios_2014_jun2020,FECHA_TEXT,-1,-1,Geocoding Result: homicidios_2020_julio,FECHA_TEXT,-1,-1;FECHA_DATE "FECHA_DATE" true true false 8 Date 0 0 ,First,#,homicidios_2014_jun2020,FECHA_DATE,-1,-1,Geocoding Result: homicidios_2020_julio,FECHA_DATE,-1,-1;HORA "HORA" true true false 254 Text 0 0 ,First,#,homicidios_2014_jun2020,HORA,-1,-1,Geocoding Result: homicidios_2020_julio,HORA,-1,-1;DEPARTAMEN "DEPARTAMEN" true true false 254 Text 0 0 ,First,#,homicidios_2014_jun2020,DEPARTAMEN,-1,-1,Geocoding Result: homicidios_2020_julio,DEPARTAMEN,-1,-1;LOCALIDAD "LOCALIDAD" true true false 254 Text 0 0 ,First,#,homicidios_2014_jun2020,LOCALIDAD,-1,-1,Geocoding Result: homicidios_2020_julio,LOCALIDAD,-1,-1;UBICACIÓN "UBICACIÓN" true true false 254 Text 0 0 ,First,#,homicidios_2014_jun2020,UBICACIÓN,-1,-1,Geocoding Result: homicidios_2020_julio,UBICACIÓN,-1,-1;UBICACION "UBICACION" true true false 254 Text 0 0 ,First,#,homicidios_2014_jun2020,UBICACION,-1,-1,Geocoding Result: homicidios_2020_julio,UBICACION,-1,-1;VICTIMA "VICTIMA" true true false 254 Text 0 0 ,First,#,homicidios_2014_jun2020,VICTIMA,-1,-1,Geocoding Result: homicidios_2020_julio,VICTIMA,-1,-1;CANT_VICTI "CANT_VICTI" true true false 16 Double 6 15 ,First,#,homicidios_2014_jun2020,CANT_VICTI,-1,-1,Geocoding Result: homicidios_2020_julio,CANT_VICTI,-1,-1;SEXO "SEXO" true true false 254 Text 0 0 ,First,#,homicidios_2014_jun2020,SEXO,-1,-1,Geocoding Result: homicidios_2020_julio,SEXO,-1,-1;EDAD "EDAD" true true false 16 Double 6 15 ,First,#,homicidios_2014_jun2020,EDAD,-1,-1,Geocoding Result: homicidios_2020_julio,EDAD,-1,-1;DOMICILIO "DOMICILIO" true true false 254 Text 0 0 ,First,#,homicidios_2014_jun2020,DOMICILIO,-1,-1,Geocoding Result: homicidios_2020_julio,DOMICILIO,-1,-1;VICTIMARIO "VICTIMARIO" true true false 254 Text 0 0 ,First,#,homicidios_2014_jun2020,VICTIMARIO,-1,-1,Geocoding Result: homicidios_2020_julio,VICTIMARIO,-1,-1;PARENTESCO "PARENTESCO" true true false 254 Text 0 0 ,First,#,homicidios_2014_jun2020,PARENTESCO,-1,-1,Geocoding Result: homicidios_2020_julio,PARENTESCO,-1,-1;PARENT_NUM "PARENT_NUM" true true false 16 Double 6 15 ,First,#,homicidios_2014_jun2020,PARENT_NUM,-1,-1,Geocoding Result: homicidios_2020_julio,PARENT_NUM,-1,-1;VINCULO "VINCULO" true true false 16 Double 6 15 ,First,#,homicidios_2014_jun2020,VINCULO,-1,-1;ARMA_OTROS "ARMA_OTROS" true true false 254 Text 0 0 ,First,#,homicidios_2014_jun2020,ARMA_OTROS,-1,-1,Geocoding Result: homicidios_2020_julio,ARMA_OTROS,-1,-1;MOVIL2 "MOVIL2" true true false 254 Text 0 0 ,First,#,homicidios_2014_jun2020,MOVIL2,-1,-1,Geocoding Result: homicidios_2020_julio,MOVIL2,-1,-1;ARMA "ARMA" true true false 16 Double 6 15 ,First,#,homicidios_2014_jun2020,ARMA,-1,-1,Geocoding Result: homicidios_2020_julio,ARMA,-1,-1;HORA_NUM "HORA_NUM" true true false 16 Double 6 15 ,First,#,homicidios_2014_jun2020,HORA_NUM,-1,-1,Geocoding Result: homicidios_2020_julio,HORA_NUM,-1,-1;Lugar "Lugar" true true false 5 Long 0 5 ,First,#,homicidios_2014_jun2020,Lugar,-1,-1"</Process><Process ToolSource="c:\program files (x86)\arcgis\desktop10.8\ArcToolbox\Toolboxes\Data Management Tools.tbx\CalculateField" Date="20200805" Time="231613">CalculateField homicidios_2014_jul2020 Ids "[FID] +1" VB #</Process><Process ToolSource="c:\program files (x86)\arcgis\desktop10.8\ArcToolbox\Toolboxes\Data Management Tools.tbx\CalculateField" Date="20200812" Time="204928">CalculateField homicidios_2014_jul2020 Rel "10001 + [FID] " VB #</Process><Process ToolSource="c:\program files (x86)\arcgis\desktop10.8\ArcToolbox\Toolboxes\Data Management Tools.tbx\Merge" Date="20200903" Time="130241">Merge homicidios_2014_jul2020;'Geocoding Result: homicidios_2014_ago2020' "D:\OneDrive\Analisis Delito\Homicidios\Capital\Shp\homicidios_2014_agosto2020.shp" "Status "Status" true true false 1 Text 0 0 ,First,#,homicidios_2014_jul2020,Status,-1,-1,Geocoding Result: homicidios_2014_ago2020,Status,-1,-1;Score "Score" true true false 19 Double 2 18 ,First,#,homicidios_2014_jul2020,Score,-1,-1,Geocoding Result: homicidios_2014_ago2020,Score,-1,-1;Match_type "Match_type" true true false 2 Text 0 0 ,First,#,homicidios_2014_jul2020,Match_type,-1,-1,Geocoding Result: homicidios_2014_ago2020,Match_type,-1,-1;Match_addr "Match_addr" true true false 120 Text 0 0 ,First,#,homicidios_2014_jul2020,Match_addr,-1,-1,Geocoding Result: homicidios_2014_ago2020,Match_addr,-1,-1;Addr_type "Addr_type" true true false 20 Text 0 0 ,First,#,homicidios_2014_jul2020,Addr_type,-1,-1,Geocoding Result: homicidios_2014_ago2020,Addr_type,-1,-1;AddNum "AddNum" true true false 12 Text 0 0 ,First,#,homicidios_2014_jul2020,AddNum,-1,-1,Geocoding Result: homicidios_2014_ago2020,AddNum,-1,-1;AddNumFrom "AddNumFrom" true true false 10 Text 0 0 ,First,#,homicidios_2014_jul2020,AddNumFrom,-1,-1,Geocoding Result: homicidios_2014_ago2020,AddNumFrom,-1,-1;AddNumTo "AddNumTo" true true false 10 Text 0 0 ,First,#,homicidios_2014_jul2020,AddNumTo,-1,-1,Geocoding Result: homicidios_2014_ago2020,AddNumTo,-1,-1;Side "Side" true true false 1 Text 0 0 ,First,#,homicidios_2014_jul2020,Side,-1,-1,Geocoding Result: homicidios_2014_ago2020,Side,-1,-1;StPreDir "StPreDir" true true false 20 Text 0 0 ,First,#,homicidios_2014_jul2020,StPreDir,-1,-1,Geocoding Result: homicidios_2014_ago2020,StPreDir,-1,-1;StPreType "StPreType" true true false 20 Text 0 0 ,First,#,homicidios_2014_jul2020,StPreType,-1,-1,Geocoding Result: homicidios_2014_ago2020,StPreType,-1,-1;StName "StName" true true false 70 Text 0 0 ,First,#,homicidios_2014_jul2020,StName,-1,-1,Geocoding Result: homicidios_2014_ago2020,StName,-1,-1;StType "StType" true true false 20 Text 0 0 ,First,#,homicidios_2014_jul2020,StType,-1,-1,Geocoding Result: homicidios_2014_ago2020,StType,-1,-1;StDir "StDir" true true false 20 Text 0 0 ,First,#,homicidios_2014_jul2020,StDir,-1,-1,Geocoding Result: homicidios_2014_ago2020,StDir,-1,-1;StAddr "StAddr" true true false 120 Text 0 0 ,First,#,homicidios_2014_jul2020,StAddr,-1,-1,Geocoding Result: homicidios_2014_ago2020,StAddr,-1,-1;City "City" true true false 70 Text 0 0 ,First,#,homicidios_2014_jul2020,City,-1,-1,Geocoding Result: homicidios_2014_ago2020,City,-1,-1;County "County" true true false 70 Text 0 0 ,First,#,homicidios_2014_jul2020,County,-1,-1,Geocoding Result: homicidios_2014_ago2020,County,-1,-1;State "State" true true false 100 Text 0 0 ,First,#,homicidios_2014_jul2020,State,-1,-1,Geocoding Result: homicidios_2014_ago2020,State,-1,-1;StateAbbr "StateAbbr" true true false 100 Text 0 0 ,First,#,homicidios_2014_jul2020,StateAbbr,-1,-1,Geocoding Result: homicidios_2014_ago2020,StateAbbr,-1,-1;ZIP "ZIP" true true false 10 Text 0 0 ,First,#,homicidios_2014_jul2020,ZIP,-1,-1,Geocoding Result: homicidios_2014_ago2020,ZIP,-1,-1;Country "Country" true true false 3 Text 0 0 ,First,#,homicidios_2014_jul2020,Country,-1,-1,Geocoding Result: homicidios_2014_ago2020,Country,-1,-1;LangCode "LangCode" true true false 3 Text 0 0 ,First,#,homicidios_2014_jul2020,LangCode,-1,-1,Geocoding Result: homicidios_2014_ago2020,LangCode,-1,-1;Distance "Distance" true true false 19 Double 2 18 ,First,#,homicidios_2014_jul2020,Distance,-1,-1,Geocoding Result: homicidios_2014_ago2020,Distance,-1,-1;X "X" true true false 19 Double 6 18 ,First,#,homicidios_2014_jul2020,X,-1,-1,Geocoding Result: homicidios_2014_ago2020,X,-1,-1;Y "Y" true true false 19 Double 6 18 ,First,#,homicidios_2014_jul2020,Y,-1,-1,Geocoding Result: homicidios_2014_ago2020,Y,-1,-1;DisplayX "DisplayX" true true false 19 Double 6 18 ,First,#,homicidios_2014_jul2020,DisplayX,-1,-1,Geocoding Result: homicidios_2014_ago2020,DisplayX,-1,-1;DisplayY "DisplayY" true true false 19 Double 6 18 ,First,#,homicidios_2014_jul2020,DisplayY,-1,-1,Geocoding Result: homicidios_2014_ago2020,DisplayY,-1,-1;Xmin "Xmin" true true false 19 Double 6 18 ,First,#,homicidios_2014_jul2020,Xmin,-1,-1,Geocoding Result: homicidios_2014_ago2020,Xmin,-1,-1;Xmax "Xmax" true true false 19 Double 6 18 ,First,#,homicidios_2014_jul2020,Xmax,-1,-1,Geocoding Result: homicidios_2014_ago2020,Xmax,-1,-1;Ymin "Ymin" true true false 19 Double 6 18 ,First,#,homicidios_2014_jul2020,Ymin,-1,-1,Geocoding Result: homicidios_2014_ago2020,Ymin,-1,-1;Ymax "Ymax" true true false 19 Double 6 18 ,First,#,homicidios_2014_jul2020,Ymax,-1,-1,Geocoding Result: homicidios_2014_ago2020,Ymax,-1,-1;ARC_Street "ARC_Street" true true false 100 Text 0 0 ,First,#,homicidios_2014_jul2020,ARC_Street,-1,-1,Geocoding Result: homicidios_2014_ago2020,ARC_Street,-1,-1;ID "ID" true true false 16 Double 6 15 ,First,#,homicidios_2014_jul2020,ID,-1,-1,Geocoding Result: homicidios_2014_ago2020,ID,-1,-1;MOVIL "MOVIL" true true false 254 Text 0 0 ,First,#,homicidios_2014_jul2020,MOVIL,-1,-1,Geocoding Result: homicidios_2014_ago2020,MOVIL,-1,-1;REGIONAL "REGIONAL" true true false 254 Text 0 0 ,First,#,homicidios_2014_jul2020,REGIONAL,-1,-1,Geocoding Result: homicidios_2014_ago2020,REGIONAL,-1,-1;DEPENDENCI "DEPENDENCI" true true false 254 Text 0 0 ,First,#,homicidios_2014_jul2020,DEPENDENCI,-1,-1,Geocoding Result: homicidios_2014_ago2020,DEPENDENCI,-1,-1;COMISARIA_ "COMISARIA_" true true false 16 Double 6 15 ,First,#,homicidios_2014_jul2020,COMISARIA_,-1,-1,Geocoding Result: homicidios_2014_ago2020,COMISARIA_,-1,-1;DIA_SEM "DIA_SEM" true true false 254 Text 0 0 ,First,#,homicidios_2014_jul2020,DIA_SEM,-1,-1,Geocoding Result: homicidios_2014_ago2020,DIA_SEM,-1,-1;MES_TEXTO "MES_TEXTO" true true false 254 Text 0 0 ,First,#,homicidios_2014_jul2020,MES_TEXTO,-1,-1,Geocoding Result: homicidios_2014_ago2020,MES_TEXTO,-1,-1;MES_NUM "MES_NUM" true true false 16 Double 6 15 ,First,#,homicidios_2014_jul2020,MES_NUM,-1,-1,Geocoding Result: homicidios_2014_ago2020,MES_NUM,-1,-1;DIA_NUM "DIA_NUM" true true false 16 Double 6 15 ,First,#,homicidios_2014_jul2020,DIA_NUM,-1,-1,Geocoding Result: homicidios_2014_ago2020,DIA_NUM,-1,-1;ANIO_NUM "ANIO_NUM" true true false 16 Double 6 15 ,First,#,homicidios_2014_jul2020,ANIO_NUM,-1,-1,Geocoding Result: homicidios_2014_ago2020,ANIO_NUM,-1,-1;FECHA_TEXT "FECHA_TEXT" true true false 254 Text 0 0 ,First,#,homicidios_2014_jul2020,FECHA_TEXT,-1,-1,Geocoding Result: homicidios_2014_ago2020,FECHA_TEXT,-1,-1;FECHA_DATE "FECHA_DATE" true true false 8 Date 0 0 ,First,#,homicidios_2014_jul2020,FECHA_DATE,-1,-1,Geocoding Result: homicidios_2014_ago2020,FECHA_DATE,-1,-1;HORA "HORA" true true false 254 Text 0 0 ,First,#,homicidios_2014_jul2020,HORA,-1,-1,Geocoding Result: homicidios_2014_ago2020,HORA,-1,-1;DEPARTAMEN "DEPARTAMEN" true true false 254 Text 0 0 ,First,#,homicidios_2014_jul2020,DEPARTAMEN,-1,-1,Geocoding Result: homicidios_2014_ago2020,DEPARTAMEN,-1,-1;LOCALIDAD "LOCALIDAD" true true false 254 Text 0 0 ,First,#,homicidios_2014_jul2020,LOCALIDAD,-1,-1,Geocoding Result: homicidios_2014_ago2020,LOCALIDAD,-1,-1;UBICACIÓN "UBICACIÓN" true true false 254 Text 0 0 ,First,#,homicidios_2014_jul2020,UBICACIÓN,-1,-1,Geocoding Result: homicidios_2014_ago2020,UBICACIÓN,-1,-1;UBICACION "UBICACION" true true false 254 Text 0 0 ,First,#,homicidios_2014_jul2020,UBICACION,-1,-1,Geocoding Result: homicidios_2014_ago2020,UBICACION,-1,-1;VICTIMA "VICTIMA" true true false 254 Text 0 0 ,First,#,homicidios_2014_jul2020,VICTIMA,-1,-1,Geocoding Result: homicidios_2014_ago2020,VICTIMA,-1,-1;CANT_VICTI "CANT_VICTI" true true false 16 Double 6 15 ,First,#,homicidios_2014_jul2020,CANT_VICTI,-1,-1,Geocoding Result: homicidios_2014_ago2020,CANT_VICTI,-1,-1;SEXO "SEXO" true true false 254 Text 0 0 ,First,#,homicidios_2014_jul2020,SEXO,-1,-1,Geocoding Result: homicidios_2014_ago2020,SEXO,-1,-1;EDAD "EDAD" true true false 16 Double 6 15 ,First,#,homicidios_2014_jul2020,EDAD,-1,-1,Geocoding Result: homicidios_2014_ago2020,EDAD,-1,-1;DOMICILIO "DOMICILIO" true true false 254 Text 0 0 ,First,#,homicidios_2014_jul2020,DOMICILIO,-1,-1,Geocoding Result: homicidios_2014_ago2020,DOMICILIO,-1,-1;VICTIMARIO "VICTIMARIO" true true false 254 Text 0 0 ,First,#,homicidios_2014_jul2020,VICTIMARIO,-1,-1,Geocoding Result: homicidios_2014_ago2020,VICTIMARIO,-1,-1;PARENTESCO "PARENTESCO" true true false 254 Text 0 0 ,First,#,homicidios_2014_jul2020,PARENTESCO,-1,-1,Geocoding Result: homicidios_2014_ago2020,PARENTESCO,-1,-1;PARENT_NUM "PARENT_NUM" true true false 16 Double 6 15 ,First,#,homicidios_2014_jul2020,PARENT_NUM,-1,-1,Geocoding Result: homicidios_2014_ago2020,PARENT_NUM,-1,-1;VINCULO "VINCULO" true true false 16 Double 6 15 ,First,#,homicidios_2014_jul2020,VINCULO,-1,-1,Geocoding Result: homicidios_2014_ago2020,VINCULO,-1,-1;ARMA_OTROS "ARMA_OTROS" true true false 254 Text 0 0 ,First,#,homicidios_2014_jul2020,ARMA_OTROS,-1,-1,Geocoding Result: homicidios_2014_ago2020,ARMA_OTROS,-1,-1;MOVIL2 "MOVIL2" true true false 254 Text 0 0 ,First,#,homicidios_2014_jul2020,MOVIL2,-1,-1,Geocoding Result: homicidios_2014_ago2020,MOVIL2,-1,-1;ARMA "ARMA" true true false 16 Double 6 15 ,First,#,homicidios_2014_jul2020,ARMA,-1,-1,Geocoding Result: homicidios_2014_ago2020,ARMA,-1,-1;HORA_NUM "HORA_NUM" true true false 16 Double 6 15 ,First,#,homicidios_2014_jul2020,HORA_NUM,-1,-1,Geocoding Result: homicidios_2014_ago2020,HORA_NUM,-1,-1;Ids "Ids" true true false 5 Long 0 5 ,First,#,homicidios_2014_jul2020,Ids,-1,-1;pru "pru" true true false 19 Double 0 0 ,First,#,homicidios_2014_jul2020,pru,-1,-1;Rel "Rel" true true false 5 Long 0 5 ,First,#,homicidios_2014_jul2020,Rel,-1,-1;TIPO_LUGAR "TIPO_LUGAR" true true false 254 Text 0 0 ,First,#,Geocoding Result: homicidios_2014_ago2020,TIPO_LUGAR,-1,-1"</Process><Process ToolSource="c:\program files (x86)\arcgis\desktop10.8\ArcToolbox\Toolboxes\Data Management Tools.tbx\CalculateField" Date="20200903" Time="132248">CalculateField homicidios_2014_agosto2020 Rel "10000 + [FID]" VB #</Process><Process ToolSource="c:\program files (x86)\arcgis\desktop10.8\ArcToolbox\Toolboxes\Data Management Tools.tbx\CalculateField" Date="20200903" Time="132445">CalculateField homicidios_2014_agosto2020 Ids "[FID] +1" VB #</Process><Process ToolSource="c:\program files (x86)\arcgis\desktop10.8\ArcToolbox\Toolboxes\Data Management Tools.tbx\CalculateField" Date="20200903" Time="132505">CalculateField homicidios_2014_agosto2020 Rel "10000 + [Ids]" VB #</Process><Process ToolSource="c:\program files (x86)\arcgis\desktop10.8\ArcToolbox\Toolboxes\Data Management Tools.tbx\Merge" Date="20201004" Time="212859">Merge homicidios_2014_agosto2020;'Geocoding Result: homicidios_2020_sep' "D:\OneDrive\Analisis Delito\Homicidios\Capital\Shp\homicidios_2014_septiembre2020.shp" "Status "Status" true true false 1 Text 0 0 ,First,#,homicidios_2014_agosto2020,Status,-1,-1,Geocoding Result: homicidios_2020_sep,Status,-1,-1;Score "Score" true true false 19 Double 2 18 ,First,#,homicidios_2014_agosto2020,Score,-1,-1,Geocoding Result: homicidios_2020_sep,Score,-1,-1;Match_type "Match_type" true true false 2 Text 0 0 ,First,#,homicidios_2014_agosto2020,Match_type,-1,-1,Geocoding Result: homicidios_2020_sep,Match_type,-1,-1;Match_addr "Match_addr" true true false 120 Text 0 0 ,First,#,homicidios_2014_agosto2020,Match_addr,-1,-1,Geocoding Result: homicidios_2020_sep,Match_addr,-1,-1;Addr_type "Addr_type" true true false 20 Text 0 0 ,First,#,homicidios_2014_agosto2020,Addr_type,-1,-1,Geocoding Result: homicidios_2020_sep,Addr_type,-1,-1;AddNum "AddNum" true true false 12 Text 0 0 ,First,#,homicidios_2014_agosto2020,AddNum,-1,-1,Geocoding Result: homicidios_2020_sep,AddNum,-1,-1;AddNumFrom "AddNumFrom" true true false 10 Text 0 0 ,First,#,homicidios_2014_agosto2020,AddNumFrom,-1,-1,Geocoding Result: homicidios_2020_sep,AddNumFrom,-1,-1;AddNumTo "AddNumTo" true true false 10 Text 0 0 ,First,#,homicidios_2014_agosto2020,AddNumTo,-1,-1,Geocoding Result: homicidios_2020_sep,AddNumTo,-1,-1;Side "Side" true true false 1 Text 0 0 ,First,#,homicidios_2014_agosto2020,Side,-1,-1,Geocoding Result: homicidios_2020_sep,Side,-1,-1;StPreDir "StPreDir" true true false 20 Text 0 0 ,First,#,homicidios_2014_agosto2020,StPreDir,-1,-1,Geocoding Result: homicidios_2020_sep,StPreDir,-1,-1;StPreType "StPreType" true true false 20 Text 0 0 ,First,#,homicidios_2014_agosto2020,StPreType,-1,-1,Geocoding Result: homicidios_2020_sep,StPreType,-1,-1;StName "StName" true true false 70 Text 0 0 ,First,#,homicidios_2014_agosto2020,StName,-1,-1,Geocoding Result: homicidios_2020_sep,StName,-1,-1;StType "StType" true true false 20 Text 0 0 ,First,#,homicidios_2014_agosto2020,StType,-1,-1,Geocoding Result: homicidios_2020_sep,StType,-1,-1;StDir "StDir" true true false 20 Text 0 0 ,First,#,homicidios_2014_agosto2020,StDir,-1,-1,Geocoding Result: homicidios_2020_sep,StDir,-1,-1;StAddr "StAddr" true true false 120 Text 0 0 ,First,#,homicidios_2014_agosto2020,StAddr,-1,-1,Geocoding Result: homicidios_2020_sep,StAddr,-1,-1;City "City" true true false 70 Text 0 0 ,First,#,homicidios_2014_agosto2020,City,-1,-1,Geocoding Result: homicidios_2020_sep,City,-1,-1;County "County" true true false 70 Text 0 0 ,First,#,homicidios_2014_agosto2020,County,-1,-1,Geocoding Result: homicidios_2020_sep,County,-1,-1;State "State" true true false 100 Text 0 0 ,First,#,homicidios_2014_agosto2020,State,-1,-1,Geocoding Result: homicidios_2020_sep,State,-1,-1;StateAbbr "StateAbbr" true true false 100 Text 0 0 ,First,#,homicidios_2014_agosto2020,StateAbbr,-1,-1,Geocoding Result: homicidios_2020_sep,StateAbbr,-1,-1;ZIP "ZIP" true true false 10 Text 0 0 ,First,#,homicidios_2014_agosto2020,ZIP,-1,-1,Geocoding Result: homicidios_2020_sep,ZIP,-1,-1;Country "Country" true true false 3 Text 0 0 ,First,#,homicidios_2014_agosto2020,Country,-1,-1,Geocoding Result: homicidios_2020_sep,Country,-1,-1;LangCode "LangCode" true true false 3 Text 0 0 ,First,#,homicidios_2014_agosto2020,LangCode,-1,-1,Geocoding Result: homicidios_2020_sep,LangCode,-1,-1;Distance "Distance" true true false 19 Double 2 18 ,First,#,homicidios_2014_agosto2020,Distance,-1,-1,Geocoding Result: homicidios_2020_sep,Distance,-1,-1;X "X" true true false 19 Double 6 18 ,First,#,homicidios_2014_agosto2020,X,-1,-1,Geocoding Result: homicidios_2020_sep,X,-1,-1;Y "Y" true true false 19 Double 6 18 ,First,#,homicidios_2014_agosto2020,Y,-1,-1,Geocoding Result: homicidios_2020_sep,Y,-1,-1;DisplayX "DisplayX" true true false 19 Double 6 18 ,First,#,homicidios_2014_agosto2020,DisplayX,-1,-1,Geocoding Result: homicidios_2020_sep,DisplayX,-1,-1;DisplayY "DisplayY" true true false 19 Double 6 18 ,First,#,homicidios_2014_agosto2020,DisplayY,-1,-1,Geocoding Result: homicidios_2020_sep,DisplayY,-1,-1;Xmin "Xmin" true true false 19 Double 6 18 ,First,#,homicidios_2014_agosto2020,Xmin,-1,-1,Geocoding Result: homicidios_2020_sep,Xmin,-1,-1;Xmax "Xmax" true true false 19 Double 6 18 ,First,#,homicidios_2014_agosto2020,Xmax,-1,-1,Geocoding Result: homicidios_2020_sep,Xmax,-1,-1;Ymin "Ymin" true true false 19 Double 6 18 ,First,#,homicidios_2014_agosto2020,Ymin,-1,-1,Geocoding Result: homicidios_2020_sep,Ymin,-1,-1;Ymax "Ymax" true true false 19 Double 6 18 ,First,#,homicidios_2014_agosto2020,Ymax,-1,-1,Geocoding Result: homicidios_2020_sep,Ymax,-1,-1;ARC_Street "ARC_Street" true true false 100 Text 0 0 ,First,#,homicidios_2014_agosto2020,ARC_Street,-1,-1,Geocoding Result: homicidios_2020_sep,ARC_Street,-1,-1;ID "ID" true true false 16 Double 6 15 ,First,#,homicidios_2014_agosto2020,ID,-1,-1,Geocoding Result: homicidios_2020_sep,ID,-1,-1;MOVIL "MOVIL" true true false 254 Text 0 0 ,First,#,homicidios_2014_agosto2020,MOVIL,-1,-1,Geocoding Result: homicidios_2020_sep,MOVIL,-1,-1;REGIONAL "REGIONAL" true true false 254 Text 0 0 ,First,#,homicidios_2014_agosto2020,REGIONAL,-1,-1,Geocoding Result: homicidios_2020_sep,REGIONAL,-1,-1;DEPENDENCI "DEPENDENCI" true true false 254 Text 0 0 ,First,#,homicidios_2014_agosto2020,DEPENDENCI,-1,-1,Geocoding Result: homicidios_2020_sep,DEPENDENCI,-1,-1;COMISARIA_ "COMISARIA_" true true false 16 Double 6 15 ,First,#,homicidios_2014_agosto2020,COMISARIA_,-1,-1,Geocoding Result: homicidios_2020_sep,COMISARIA_,-1,-1;DIA_SEM "DIA_SEM" true true false 254 Text 0 0 ,First,#,homicidios_2014_agosto2020,DIA_SEM,-1,-1,Geocoding Result: homicidios_2020_sep,DIA_SEM,-1,-1;MES_TEXTO "MES_TEXTO" true true false 254 Text 0 0 ,First,#,homicidios_2014_agosto2020,MES_TEXTO,-1,-1,Geocoding Result: homicidios_2020_sep,MES_TEXTO,-1,-1;MES_NUM "MES_NUM" true true false 16 Double 6 15 ,First,#,homicidios_2014_agosto2020,MES_NUM,-1,-1,Geocoding Result: homicidios_2020_sep,MES_NUM,-1,-1;DIA_NUM "DIA_NUM" true true false 16 Double 6 15 ,First,#,homicidios_2014_agosto2020,DIA_NUM,-1,-1,Geocoding Result: homicidios_2020_sep,DIA_NUM,-1,-1;ANIO_NUM "ANIO_NUM" true true false 16 Double 6 15 ,First,#,homicidios_2014_agosto2020,ANIO_NUM,-1,-1,Geocoding Result: homicidios_2020_sep,ANIO_NUM,-1,-1;FECHA_TEXT "FECHA_TEXT" true true false 254 Text 0 0 ,First,#,homicidios_2014_agosto2020,FECHA_TEXT,-1,-1,Geocoding Result: homicidios_2020_sep,FECHA_TEXT,-1,-1;FECHA_DATE "FECHA_DATE" true true false 8 Date 0 0 ,First,#,homicidios_2014_agosto2020,FECHA_DATE,-1,-1,Geocoding Result: homicidios_2020_sep,FECHA_DATE,-1,-1;HORA "HORA" true true false 254 Text 0 0 ,First,#,homicidios_2014_agosto2020,HORA,-1,-1,Geocoding Result: homicidios_2020_sep,HORA,-1,-1;DEPARTAMEN "DEPARTAMEN" true true false 254 Text 0 0 ,First,#,homicidios_2014_agosto2020,DEPARTAMEN,-1,-1,Geocoding Result: homicidios_2020_sep,DEPARTAMEN,-1,-1;LOCALIDAD "LOCALIDAD" true true false 254 Text 0 0 ,First,#,homicidios_2014_agosto2020,LOCALIDAD,-1,-1,Geocoding Result: homicidios_2020_sep,LOCALIDAD,-1,-1;UBICACIÓN "UBICACIÓN" true true false 254 Text 0 0 ,First,#,homicidios_2014_agosto2020,UBICACIÓN,-1,-1,Geocoding Result: homicidios_2020_sep,UBICACIÓN,-1,-1;UBICACION "UBICACION" true true false 254 Text 0 0 ,First,#,homicidios_2014_agosto2020,UBICACION,-1,-1,Geocoding Result: homicidios_2020_sep,UBICACION,-1,-1;VICTIMA "VICTIMA" true true false 254 Text 0 0 ,First,#,homicidios_2014_agosto2020,VICTIMA,-1,-1,Geocoding Result: homicidios_2020_sep,VICTIMA,-1,-1;CANT_VICTI "CANT_VICTI" true true false 16 Double 6 15 ,First,#,homicidios_2014_agosto2020,CANT_VICTI,-1,-1,Geocoding Result: homicidios_2020_sep,CANT_VICTI,-1,-1;SEXO "SEXO" true true false 254 Text 0 0 ,First,#,homicidios_2014_agosto2020,SEXO,-1,-1,Geocoding Result: homicidios_2020_sep,SEXO,-1,-1;EDAD "EDAD" true true false 16 Double 6 15 ,First,#,homicidios_2014_agosto2020,EDAD,-1,-1,Geocoding Result: homicidios_2020_sep,EDAD,-1,-1;DOMICILIO "DOMICILIO" true true false 254 Text 0 0 ,First,#,homicidios_2014_agosto2020,DOMICILIO,-1,-1,Geocoding Result: homicidios_2020_sep,DOMICILIO,-1,-1;VICTIMARIO "VICTIMARIO" true true false 254 Text 0 0 ,First,#,homicidios_2014_agosto2020,VICTIMARIO,-1,-1,Geocoding Result: homicidios_2020_sep,VICTIMARIO,-1,-1;PARENTESCO "PARENTESCO" true true false 254 Text 0 0 ,First,#,homicidios_2014_agosto2020,PARENTESCO,-1,-1,Geocoding Result: homicidios_2020_sep,PARENTESCO,-1,-1;PARENT_NUM "PARENT_NUM" true true false 16 Double 6 15 ,First,#,homicidios_2014_agosto2020,PARENT_NUM,-1,-1,Geocoding Result: homicidios_2020_sep,PARENT_NUM,-1,-1;VINCULO "VINCULO" true true false 16 Double 6 15 ,First,#,homicidios_2014_agosto2020,VINCULO,-1,-1,Geocoding Result: homicidios_2020_sep,VINCULO,-1,-1;ARMA_OTROS "ARMA_OTROS" true true false 254 Text 0 0 ,First,#,homicidios_2014_agosto2020,ARMA_OTROS,-1,-1,Geocoding Result: homicidios_2020_sep,ARMA_OTROS,-1,-1;MOVIL2 "MOVIL2" true true false 254 Text 0 0 ,First,#,homicidios_2014_agosto2020,MOVIL2,-1,-1,Geocoding Result: homicidios_2020_sep,MOVIL2,-1,-1;ARMA "ARMA" true true false 16 Double 6 15 ,First,#,homicidios_2014_agosto2020,ARMA,-1,-1,Geocoding Result: homicidios_2020_sep,ARMA,-1,-1;HORA_NUM "HORA_NUM" true true false 16 Double 6 15 ,First,#,homicidios_2014_agosto2020,HORA_NUM,-1,-1,Geocoding Result: homicidios_2020_sep,HORA_NUM,-1,-1;Ids "Ids" true true false 5 Long 0 5 ,First,#,homicidios_2014_agosto2020,Ids,-1,-1;pru "pru" true true false 19 Double 0 0 ,First,#,homicidios_2014_agosto2020,pru,-1,-1;Rel "Rel" true true false 5 Long 0 5 ,First,#,homicidios_2014_agosto2020,Rel,-1,-1;TIPO_LUGAR "TIPO_LUGAR" true true false 254 Text 0 0 ,First,#,homicidios_2014_agosto2020,TIPO_LUGAR,-1,-1,Geocoding Result: homicidios_2020_sep,TIPO_LUGAR,-1,-1"</Process><Process ToolSource="c:\program files (x86)\arcgis\desktop10.8\ArcToolbox\Toolboxes\Data Management Tools.tbx\Merge" Date="20201204" Time="123150">Merge 'Homicidios Dolosos';'Geocoding Result: homicidios_2020_oct_nov' "D:\OneDrive\Analisis Delito\Homicidios\Capital\Shp\homicidios_2014_noviembre2020.shp" "Status "Status" true true false 1 Text 0 0 ,First,#,Homicidios Dolosos,Status,-1,-1,Geocoding Result: homicidios_2020_oct_nov,Status,-1,-1;Score "Score" true true false 19 Double 2 18 ,First,#,Homicidios Dolosos,Score,-1,-1,Geocoding Result: homicidios_2020_oct_nov,Score,-1,-1;Match_type "Match_type" true true false 2 Text 0 0 ,First,#,Homicidios Dolosos,Match_type,-1,-1,Geocoding Result: homicidios_2020_oct_nov,Match_type,-1,-1;Match_addr "Match_addr" true true false 120 Text 0 0 ,First,#,Homicidios Dolosos,Match_addr,-1,-1,Geocoding Result: homicidios_2020_oct_nov,Match_addr,-1,-1;Addr_type "Addr_type" true true false 20 Text 0 0 ,First,#,Homicidios Dolosos,Addr_type,-1,-1,Geocoding Result: homicidios_2020_oct_nov,Addr_type,-1,-1;AddNum "AddNum" true true false 12 Text 0 0 ,First,#,Homicidios Dolosos,AddNum,-1,-1,Geocoding Result: homicidios_2020_oct_nov,AddNum,-1,-1;AddNumFrom "AddNumFrom" true true false 10 Text 0 0 ,First,#,Homicidios Dolosos,AddNumFrom,-1,-1,Geocoding Result: homicidios_2020_oct_nov,AddNumFrom,-1,-1;AddNumTo "AddNumTo" true true false 10 Text 0 0 ,First,#,Homicidios Dolosos,AddNumTo,-1,-1,Geocoding Result: homicidios_2020_oct_nov,AddNumTo,-1,-1;Side "Side" true true false 1 Text 0 0 ,First,#,Homicidios Dolosos,Side,-1,-1,Geocoding Result: homicidios_2020_oct_nov,Side,-1,-1;StPreDir "StPreDir" true true false 20 Text 0 0 ,First,#,Homicidios Dolosos,StPreDir,-1,-1,Geocoding Result: homicidios_2020_oct_nov,StPreDir,-1,-1;StPreType "StPreType" true true false 20 Text 0 0 ,First,#,Homicidios Dolosos,StPreType,-1,-1,Geocoding Result: homicidios_2020_oct_nov,StPreType,-1,-1;StName "StName" true true false 70 Text 0 0 ,First,#,Homicidios Dolosos,StName,-1,-1,Geocoding Result: homicidios_2020_oct_nov,StName,-1,-1;StType "StType" true true false 20 Text 0 0 ,First,#,Homicidios Dolosos,StType,-1,-1,Geocoding Result: homicidios_2020_oct_nov,StType,-1,-1;StDir "StDir" true true false 20 Text 0 0 ,First,#,Homicidios Dolosos,StDir,-1,-1,Geocoding Result: homicidios_2020_oct_nov,StDir,-1,-1;StAddr "StAddr" true true false 120 Text 0 0 ,First,#,Homicidios Dolosos,StAddr,-1,-1,Geocoding Result: homicidios_2020_oct_nov,StAddr,-1,-1;City "City" true true false 70 Text 0 0 ,First,#,Homicidios Dolosos,City,-1,-1,Geocoding Result: homicidios_2020_oct_nov,City,-1,-1;County "County" true true false 70 Text 0 0 ,First,#,Homicidios Dolosos,County,-1,-1,Geocoding Result: homicidios_2020_oct_nov,County,-1,-1;State "State" true true false 100 Text 0 0 ,First,#,Homicidios Dolosos,State,-1,-1,Geocoding Result: homicidios_2020_oct_nov,State,-1,-1;StateAbbr "StateAbbr" true true false 100 Text 0 0 ,First,#,Homicidios Dolosos,StateAbbr,-1,-1,Geocoding Result: homicidios_2020_oct_nov,StateAbbr,-1,-1;ZIP "ZIP" true true false 10 Text 0 0 ,First,#,Homicidios Dolosos,ZIP,-1,-1,Geocoding Result: homicidios_2020_oct_nov,ZIP,-1,-1;Country "Country" true true false 3 Text 0 0 ,First,#,Homicidios Dolosos,Country,-1,-1,Geocoding Result: homicidios_2020_oct_nov,Country,-1,-1;LangCode "LangCode" true true false 3 Text 0 0 ,First,#,Homicidios Dolosos,LangCode,-1,-1,Geocoding Result: homicidios_2020_oct_nov,LangCode,-1,-1;Distance "Distance" true true false 19 Double 2 18 ,First,#,Homicidios Dolosos,Distance,-1,-1,Geocoding Result: homicidios_2020_oct_nov,Distance,-1,-1;X "X" true true false 19 Double 6 18 ,First,#,Homicidios Dolosos,X,-1,-1,Geocoding Result: homicidios_2020_oct_nov,X,-1,-1;Y "Y" true true false 19 Double 6 18 ,First,#,Homicidios Dolosos,Y,-1,-1,Geocoding Result: homicidios_2020_oct_nov,Y,-1,-1;DisplayX "DisplayX" true true false 19 Double 6 18 ,First,#,Homicidios Dolosos,DisplayX,-1,-1,Geocoding Result: homicidios_2020_oct_nov,DisplayX,-1,-1;DisplayY "DisplayY" true true false 19 Double 6 18 ,First,#,Homicidios Dolosos,DisplayY,-1,-1,Geocoding Result: homicidios_2020_oct_nov,DisplayY,-1,-1;Xmin "Xmin" true true false 19 Double 6 18 ,First,#,Homicidios Dolosos,Xmin,-1,-1,Geocoding Result: homicidios_2020_oct_nov,Xmin,-1,-1;Xmax "Xmax" true true false 19 Double 6 18 ,First,#,Homicidios Dolosos,Xmax,-1,-1,Geocoding Result: homicidios_2020_oct_nov,Xmax,-1,-1;Ymin "Ymin" true true false 19 Double 6 18 ,First,#,Homicidios Dolosos,Ymin,-1,-1,Geocoding Result: homicidios_2020_oct_nov,Ymin,-1,-1;Ymax "Ymax" true true false 19 Double 6 18 ,First,#,Homicidios Dolosos,Ymax,-1,-1,Geocoding Result: homicidios_2020_oct_nov,Ymax,-1,-1;ARC_Street "ARC_Street" true true false 100 Text 0 0 ,First,#,Homicidios Dolosos,ARC_Street,-1,-1,Geocoding Result: homicidios_2020_oct_nov,ARC_Street,-1,-1;ID "ID" true true false 16 Double 6 15 ,First,#,Homicidios Dolosos,ID,-1,-1,Geocoding Result: homicidios_2020_oct_nov,ID,-1,-1;MOVIL "MOVIL" true true false 254 Text 0 0 ,First,#,Homicidios Dolosos,MOVIL,-1,-1,Geocoding Result: homicidios_2020_oct_nov,MOVIL,-1,-1;REGIONAL "REGIONAL" true true false 254 Text 0 0 ,First,#,Homicidios Dolosos,REGIONAL,-1,-1,Geocoding Result: homicidios_2020_oct_nov,REGIONAL,-1,-1;DEPENDENCI "DEPENDENCI" true true false 254 Text 0 0 ,First,#,Homicidios Dolosos,DEPENDENCI,-1,-1,Geocoding Result: homicidios_2020_oct_nov,DEPENDENCI,-1,-1;COMISARIA_ "COMISARIA_" true true false 16 Double 6 15 ,First,#,Homicidios Dolosos,COMISARIA_,-1,-1,Geocoding Result: homicidios_2020_oct_nov,COMISARIA_,-1,-1;DIA_SEM "DIA_SEM" true true false 254 Text 0 0 ,First,#,Homicidios Dolosos,DIA_SEM,-1,-1,Geocoding Result: homicidios_2020_oct_nov,DIA_SEM,-1,-1;MES_TEXTO "MES_TEXTO" true true false 254 Text 0 0 ,First,#,Homicidios Dolosos,MES_TEXTO,-1,-1,Geocoding Result: homicidios_2020_oct_nov,MES_TEXTO,-1,-1;MES_NUM "MES_NUM" true true false 16 Double 6 15 ,First,#,Homicidios Dolosos,MES_NUM,-1,-1,Geocoding Result: homicidios_2020_oct_nov,MES_NUM,-1,-1;DIA_NUM "DIA_NUM" true true false 16 Double 6 15 ,First,#,Homicidios Dolosos,DIA_NUM,-1,-1,Geocoding Result: homicidios_2020_oct_nov,DIA_NUM,-1,-1;ANIO_NUM "ANIO_NUM" true true false 16 Double 6 15 ,First,#,Homicidios Dolosos,ANIO_NUM,-1,-1,Geocoding Result: homicidios_2020_oct_nov,ANIO_NUM,-1,-1;FECHA_TEXT "FECHA_TEXT" true true false 254 Text 0 0 ,First,#,Homicidios Dolosos,FECHA_TEXT,-1,-1,Geocoding Result: homicidios_2020_oct_nov,FECHA_TEXT,-1,-1;FECHA_DATE "FECHA_DATE" true true false 8 Date 0 0 ,First,#,Homicidios Dolosos,FECHA_DATE,-1,-1,Geocoding Result: homicidios_2020_oct_nov,FECHA_DATE,-1,-1;HORA "HORA" true true false 254 Text 0 0 ,First,#,Homicidios Dolosos,HORA,-1,-1,Geocoding Result: homicidios_2020_oct_nov,HORA,-1,-1;DEPARTAMEN "DEPARTAMEN" true true false 254 Text 0 0 ,First,#,Homicidios Dolosos,DEPARTAMEN,-1,-1,Geocoding Result: homicidios_2020_oct_nov,DEPARTAMEN,-1,-1;LOCALIDAD "LOCALIDAD" true true false 254 Text 0 0 ,First,#,Homicidios Dolosos,LOCALIDAD,-1,-1,Geocoding Result: homicidios_2020_oct_nov,LOCALIDAD,-1,-1;UBICACIÓN "UBICACIÓN" true true false 254 Text 0 0 ,First,#,Homicidios Dolosos,UBICACIÓN,-1,-1,Geocoding Result: homicidios_2020_oct_nov,UBICACIÓN,-1,-1;UBICACION "UBICACION" true true false 254 Text 0 0 ,First,#,Homicidios Dolosos,UBICACION,-1,-1,Geocoding Result: homicidios_2020_oct_nov,UBICACION,-1,-1;VICTIMA "VICTIMA" true true false 254 Text 0 0 ,First,#,Homicidios Dolosos,VICTIMA,-1,-1,Geocoding Result: homicidios_2020_oct_nov,VICTIMA,-1,-1;CANT_VICTI "CANT_VICTI" true true false 16 Double 6 15 ,First,#,Homicidios Dolosos,CANT_VICTI,-1,-1,Geocoding Result: homicidios_2020_oct_nov,CANT_VICTI,-1,-1;SEXO "SEXO" true true false 254 Text 0 0 ,First,#,Homicidios Dolosos,SEXO,-1,-1,Geocoding Result: homicidios_2020_oct_nov,SEXO,-1,-1;EDAD "EDAD" true true false 16 Double 6 15 ,First,#,Homicidios Dolosos,EDAD,-1,-1,Geocoding Result: homicidios_2020_oct_nov,EDAD,-1,-1;DOMICILIO "DOMICILIO" true true false 254 Text 0 0 ,First,#,Homicidios Dolosos,DOMICILIO,-1,-1,Geocoding Result: homicidios_2020_oct_nov,DOMICILIO,-1,-1;VICTIMARIO "VICTIMARIO" true true false 254 Text 0 0 ,First,#,Homicidios Dolosos,VICTIMARIO,-1,-1,Geocoding Result: homicidios_2020_oct_nov,VICTIMARIO,-1,-1;PARENTESCO "PARENTESCO" true true false 254 Text 0 0 ,First,#,Homicidios Dolosos,PARENTESCO,-1,-1,Geocoding Result: homicidios_2020_oct_nov,PARENTESCO,-1,-1;PARENT_NUM "PARENT_NUM" true true false 16 Double 6 15 ,First,#,Homicidios Dolosos,PARENT_NUM,-1,-1,Geocoding Result: homicidios_2020_oct_nov,PARENT_NUM,-1,-1;VINCULO "VINCULO" true true false 16 Double 6 15 ,First,#,Homicidios Dolosos,VINCULO,-1,-1,Geocoding Result: homicidios_2020_oct_nov,VINCULO,-1,-1;ARMA_OTROS "ARMA_OTROS" true true false 254 Text 0 0 ,First,#,Homicidios Dolosos,ARMA_OTROS,-1,-1,Geocoding Result: homicidios_2020_oct_nov,ARMA_OTROS,-1,-1;MOVIL2 "MOVIL2" true true false 254 Text 0 0 ,First,#,Homicidios Dolosos,MOVIL2,-1,-1,Geocoding Result: homicidios_2020_oct_nov,MOVIL2,-1,-1;ARMA "ARMA" true true false 16 Double 6 15 ,First,#,Homicidios Dolosos,ARMA,-1,-1,Geocoding Result: homicidios_2020_oct_nov,ARMA,-1,-1;HORA_NUM "HORA_NUM" true true false 16 Double 6 15 ,First,#,Homicidios Dolosos,HORA_NUM,-1,-1,Geocoding Result: homicidios_2020_oct_nov,HORA_NUM,-1,-1;TIPO_LUGAR "TIPO_LUGAR" true true false 254 Text 0 0 ,First,#,Homicidios Dolosos,TIPO_LUGAR,-1,-1,Geocoding Result: homicidios_2020_oct_nov,TIPO_LUGAR,-1,-1;PROVINCIA "PROVINCIA" true true false 254 Text 0 0 ,First,#,Geocoding Result: homicidios_2020_oct_nov,PROVINCIA,-1,-1"</Process><Process ToolSource="c:\program files (x86)\arcgis\desktop10.8\ArcToolbox\Toolboxes\Data Management Tools.tbx\Merge" Date="20210109" Time="170242">Merge homicidios_2014_noviembre2020;'Geocoding Result: homicidios_2020_diciembre' "D:\OneDrive\Analisis Delito\Homicidios\Capital\Shp\homicidios_2014_2020.shp" "Status "Status" true true false 1 Text 0 0 ,First,#,homicidios_2014_noviembre2020,Status,-1,-1,Geocoding Result: homicidios_2020_diciembre,Status,-1,-1;Score "Score" true true false 19 Double 2 18 ,First,#,homicidios_2014_noviembre2020,Score,-1,-1,Geocoding Result: homicidios_2020_diciembre,Score,-1,-1;Match_type "Match_type" true true false 2 Text 0 0 ,First,#,homicidios_2014_noviembre2020,Match_type,-1,-1,Geocoding Result: homicidios_2020_diciembre,Match_type,-1,-1;Match_addr "Match_addr" true true false 120 Text 0 0 ,First,#,homicidios_2014_noviembre2020,Match_addr,-1,-1,Geocoding Result: homicidios_2020_diciembre,Match_addr,-1,-1;Addr_type "Addr_type" true true false 20 Text 0 0 ,First,#,homicidios_2014_noviembre2020,Addr_type,-1,-1,Geocoding Result: homicidios_2020_diciembre,Addr_type,-1,-1;AddNum "AddNum" true true false 12 Text 0 0 ,First,#,homicidios_2014_noviembre2020,AddNum,-1,-1,Geocoding Result: homicidios_2020_diciembre,AddNum,-1,-1;AddNumFrom "AddNumFrom" true true false 10 Text 0 0 ,First,#,homicidios_2014_noviembre2020,AddNumFrom,-1,-1,Geocoding Result: homicidios_2020_diciembre,AddNumFrom,-1,-1;AddNumTo "AddNumTo" true true false 10 Text 0 0 ,First,#,homicidios_2014_noviembre2020,AddNumTo,-1,-1,Geocoding Result: homicidios_2020_diciembre,AddNumTo,-1,-1;Side "Side" true true false 1 Text 0 0 ,First,#,homicidios_2014_noviembre2020,Side,-1,-1,Geocoding Result: homicidios_2020_diciembre,Side,-1,-1;StPreDir "StPreDir" true true false 20 Text 0 0 ,First,#,homicidios_2014_noviembre2020,StPreDir,-1,-1,Geocoding Result: homicidios_2020_diciembre,StPreDir,-1,-1;StPreType "StPreType" true true false 20 Text 0 0 ,First,#,homicidios_2014_noviembre2020,StPreType,-1,-1,Geocoding Result: homicidios_2020_diciembre,StPreType,-1,-1;StName "StName" true true false 70 Text 0 0 ,First,#,homicidios_2014_noviembre2020,StName,-1,-1,Geocoding Result: homicidios_2020_diciembre,StName,-1,-1;StType "StType" true true false 20 Text 0 0 ,First,#,homicidios_2014_noviembre2020,StType,-1,-1,Geocoding Result: homicidios_2020_diciembre,StType,-1,-1;StDir "StDir" true true false 20 Text 0 0 ,First,#,homicidios_2014_noviembre2020,StDir,-1,-1,Geocoding Result: homicidios_2020_diciembre,StDir,-1,-1;StAddr "StAddr" true true false 120 Text 0 0 ,First,#,homicidios_2014_noviembre2020,StAddr,-1,-1,Geocoding Result: homicidios_2020_diciembre,StAddr,-1,-1;City "City" true true false 70 Text 0 0 ,First,#,homicidios_2014_noviembre2020,City,-1,-1,Geocoding Result: homicidios_2020_diciembre,City,-1,-1;County "County" true true false 70 Text 0 0 ,First,#,homicidios_2014_noviembre2020,County,-1,-1,Geocoding Result: homicidios_2020_diciembre,County,-1,-1;State "State" true true false 100 Text 0 0 ,First,#,homicidios_2014_noviembre2020,State,-1,-1,Geocoding Result: homicidios_2020_diciembre,State,-1,-1;StateAbbr "StateAbbr" true true false 100 Text 0 0 ,First,#,homicidios_2014_noviembre2020,StateAbbr,-1,-1,Geocoding Result: homicidios_2020_diciembre,StateAbbr,-1,-1;ZIP "ZIP" true true false 10 Text 0 0 ,First,#,homicidios_2014_noviembre2020,ZIP,-1,-1,Geocoding Result: homicidios_2020_diciembre,ZIP,-1,-1;Country "Country" true true false 3 Text 0 0 ,First,#,homicidios_2014_noviembre2020,Country,-1,-1,Geocoding Result: homicidios_2020_diciembre,Country,-1,-1;LangCode "LangCode" true true false 3 Text 0 0 ,First,#,homicidios_2014_noviembre2020,LangCode,-1,-1,Geocoding Result: homicidios_2020_diciembre,LangCode,-1,-1;Distance "Distance" true true false 19 Double 2 18 ,First,#,homicidios_2014_noviembre2020,Distance,-1,-1,Geocoding Result: homicidios_2020_diciembre,Distance,-1,-1;X "X" true true false 19 Double 6 18 ,First,#,homicidios_2014_noviembre2020,X,-1,-1,Geocoding Result: homicidios_2020_diciembre,X,-1,-1;Y "Y" true true false 19 Double 6 18 ,First,#,homicidios_2014_noviembre2020,Y,-1,-1,Geocoding Result: homicidios_2020_diciembre,Y,-1,-1;DisplayX "DisplayX" true true false 19 Double 6 18 ,First,#,homicidios_2014_noviembre2020,DisplayX,-1,-1,Geocoding Result: homicidios_2020_diciembre,DisplayX,-1,-1;DisplayY "DisplayY" true true false 19 Double 6 18 ,First,#,homicidios_2014_noviembre2020,DisplayY,-1,-1,Geocoding Result: homicidios_2020_diciembre,DisplayY,-1,-1;Xmin "Xmin" true true false 19 Double 6 18 ,First,#,homicidios_2014_noviembre2020,Xmin,-1,-1,Geocoding Result: homicidios_2020_diciembre,Xmin,-1,-1;Xmax "Xmax" true true false 19 Double 6 18 ,First,#,homicidios_2014_noviembre2020,Xmax,-1,-1,Geocoding Result: homicidios_2020_diciembre,Xmax,-1,-1;Ymin "Ymin" true true false 19 Double 6 18 ,First,#,homicidios_2014_noviembre2020,Ymin,-1,-1,Geocoding Result: homicidios_2020_diciembre,Ymin,-1,-1;Ymax "Ymax" true true false 19 Double 6 18 ,First,#,homicidios_2014_noviembre2020,Ymax,-1,-1,Geocoding Result: homicidios_2020_diciembre,Ymax,-1,-1;ARC_Street "ARC_Street" true true false 100 Text 0 0 ,First,#,homicidios_2014_noviembre2020,ARC_Street,-1,-1,Geocoding Result: homicidios_2020_diciembre,ARC_Street,-1,-1;ID "ID" true true false 16 Double 6 15 ,First,#,homicidios_2014_noviembre2020,ID,-1,-1,Geocoding Result: homicidios_2020_diciembre,ID,-1,-1;MOVIL "MOVIL" true true false 254 Text 0 0 ,First,#,homicidios_2014_noviembre2020,MOVIL,-1,-1,Geocoding Result: homicidios_2020_diciembre,MOVIL,-1,-1;REGIONAL "REGIONAL" true true false 254 Text 0 0 ,First,#,homicidios_2014_noviembre2020,REGIONAL,-1,-1,Geocoding Result: homicidios_2020_diciembre,REGIONAL,-1,-1;DEPENDENCI "DEPENDENCI" true true false 254 Text 0 0 ,First,#,homicidios_2014_noviembre2020,DEPENDENCI,-1,-1,Geocoding Result: homicidios_2020_diciembre,DEPENDENCI,-1,-1;COMISARIA_ "COMISARIA_" true true false 16 Double 6 15 ,First,#,homicidios_2014_noviembre2020,COMISARIA_,-1,-1,Geocoding Result: homicidios_2020_diciembre,COMISARIA_,-1,-1;DIA_SEM "DIA_SEM" true true false 254 Text 0 0 ,First,#,homicidios_2014_noviembre2020,DIA_SEM,-1,-1,Geocoding Result: homicidios_2020_diciembre,DIA_SEM,-1,-1;MES_TEXTO "MES_TEXTO" true true false 254 Text 0 0 ,First,#,homicidios_2014_noviembre2020,MES_TEXTO,-1,-1,Geocoding Result: homicidios_2020_diciembre,MES_TEXTO,-1,-1;MES_NUM "MES_NUM" true true false 16 Double 6 15 ,First,#,homicidios_2014_noviembre2020,MES_NUM,-1,-1,Geocoding Result: homicidios_2020_diciembre,MES_NUM,-1,-1;DIA_NUM "DIA_NUM" true true false 16 Double 6 15 ,First,#,homicidios_2014_noviembre2020,DIA_NUM,-1,-1,Geocoding Result: homicidios_2020_diciembre,DIA_NUM,-1,-1;ANIO_NUM "ANIO_NUM" true true false 16 Double 6 15 ,First,#,homicidios_2014_noviembre2020,ANIO_NUM,-1,-1,Geocoding Result: homicidios_2020_diciembre,ANIO_NUM,-1,-1;FECHA_TEXT "FECHA_TEXT" true true false 254 Text 0 0 ,First,#,homicidios_2014_noviembre2020,FECHA_TEXT,-1,-1,Geocoding Result: homicidios_2020_diciembre,FECHA_TEXT,-1,-1;FECHA_DATE "FECHA_DATE" true true false 8 Date 0 0 ,First,#,homicidios_2014_noviembre2020,FECHA_DATE,-1,-1,Geocoding Result: homicidios_2020_diciembre,FECHA_DATE,-1,-1;HORA "HORA" true true false 254 Text 0 0 ,First,#,homicidios_2014_noviembre2020,HORA,-1,-1,Geocoding Result: homicidios_2020_diciembre,HORA,-1,-1;DEPARTAMEN "DEPARTAMEN" true true false 254 Text 0 0 ,First,#,homicidios_2014_noviembre2020,DEPARTAMEN,-1,-1,Geocoding Result: homicidios_2020_diciembre,DEPARTAMEN,-1,-1;LOCALIDAD "LOCALIDAD" true true false 254 Text 0 0 ,First,#,homicidios_2014_noviembre2020,LOCALIDAD,-1,-1,Geocoding Result: homicidios_2020_diciembre,LOCALIDAD,-1,-1;UBICACIÓN "UBICACIÓN" true true false 254 Text 0 0 ,First,#,homicidios_2014_noviembre2020,UBICACIÓN,-1,-1,Geocoding Result: homicidios_2020_diciembre,UBICACIÓN,-1,-1;UBICACION "UBICACION" true true false 254 Text 0 0 ,First,#,homicidios_2014_noviembre2020,UBICACION,-1,-1,Geocoding Result: homicidios_2020_diciembre,UBICACION,-1,-1;VICTIMA "VICTIMA" true true false 254 Text 0 0 ,First,#,homicidios_2014_noviembre2020,VICTIMA,-1,-1,Geocoding Result: homicidios_2020_diciembre,VICTIMA,-1,-1;CANT_VICTI "CANT_VICTI" true true false 16 Double 6 15 ,First,#,homicidios_2014_noviembre2020,CANT_VICTI,-1,-1,Geocoding Result: homicidios_2020_diciembre,CANT_VICTI,-1,-1;SEXO "SEXO" true true false 254 Text 0 0 ,First,#,homicidios_2014_noviembre2020,SEXO,-1,-1,Geocoding Result: homicidios_2020_diciembre,SEXO,-1,-1;EDAD "EDAD" true true false 16 Double 6 15 ,First,#,homicidios_2014_noviembre2020,EDAD,-1,-1,Geocoding Result: homicidios_2020_diciembre,EDAD,-1,-1;DOMICILIO "DOMICILIO" true true false 254 Text 0 0 ,First,#,homicidios_2014_noviembre2020,DOMICILIO,-1,-1,Geocoding Result: homicidios_2020_diciembre,DOMICILIO,-1,-1;VICTIMARIO "VICTIMARIO" true true false 254 Text 0 0 ,First,#,homicidios_2014_noviembre2020,VICTIMARIO,-1,-1,Geocoding Result: homicidios_2020_diciembre,VICTIMARIO,-1,-1;PARENTESCO "PARENTESCO" true true false 254 Text 0 0 ,First,#,homicidios_2014_noviembre2020,PARENTESCO,-1,-1,Geocoding Result: homicidios_2020_diciembre,PARENTESCO,-1,-1;PARENT_NUM "PARENT_NUM" true true false 16 Double 6 15 ,First,#,homicidios_2014_noviembre2020,PARENT_NUM,-1,-1,Geocoding Result: homicidios_2020_diciembre,PARENT_NUM,-1,-1;VINCULO "VINCULO" true true false 16 Double 6 15 ,First,#,homicidios_2014_noviembre2020,VINCULO,-1,-1,Geocoding Result: homicidios_2020_diciembre,VINCULO,-1,-1;ARMA_OTROS "ARMA_OTROS" true true false 254 Text 0 0 ,First,#,homicidios_2014_noviembre2020,ARMA_OTROS,-1,-1,Geocoding Result: homicidios_2020_diciembre,ARMA_OTROS,-1,-1;MOVIL2 "MOVIL2" true true false 254 Text 0 0 ,First,#,homicidios_2014_noviembre2020,MOVIL2,-1,-1,Geocoding Result: homicidios_2020_diciembre,MOVIL2,-1,-1;ARMA "ARMA" true true false 16 Double 6 15 ,First,#,homicidios_2014_noviembre2020,ARMA,-1,-1,Geocoding Result: homicidios_2020_diciembre,ARMA,-1,-1;HORA_NUM "HORA_NUM" true true false 16 Double 6 15 ,First,#,homicidios_2014_noviembre2020,HORA_NUM,-1,-1,Geocoding Result: homicidios_2020_diciembre,HORA_NUM,-1,-1;TIPO_LUGAR "TIPO_LUGAR" true true false 254 Text 0 0 ,First,#,homicidios_2014_noviembre2020,TIPO_LUGAR,-1,-1,Geocoding Result: homicidios_2020_diciembre,TIPO_LUGAR,-1,-1;PROVINCIA "PROVINCIA" true true false 254 Text 0 0 ,First,#,homicidios_2014_noviembre2020,PROVINCIA,-1,-1,Geocoding Result: homicidios_2020_diciembre,PROVINCIA,-1,-1;AREA "AREA" true true false 254 Text 0 0 ,First,#,Geocoding Result: homicidios_2020_diciembre,AREA,-1,-1;AUX "AUX" true true false 16 Double 6 15 ,First,#,Geocoding Result: homicidios_2020_diciembre,AUX,-1,-1"</Process><Process ToolSource="c:\program files (x86)\arcgis\desktop10.8\ArcToolbox\Toolboxes\Data Management Tools.tbx\CopyFeatures" Date="20210514" Time="141407">CopyFeatures "Homicidios Dolosos" D:\OneDrive\Geocoding_2019\FrontEnd\homicidios.shp # 0 0 0</Process><Process ToolSource="c:\program files (x86)\arcgis\desktop10.8\ArcToolbox\Toolboxes\Data Management Tools.tbx\DeleteField" Date="20210514" Time="141712">DeleteField homicidios Status;Score;Match_type;Addr_type;AddNum;AddNumFrom;AddNumTo;Side;StPreDir;StPreType;StName;StType;StDir;StAddr;City;County;State;StateAbbr;ZIP;Country;LangCode;Distance;DisplayX;DisplayY;Xmin;Xmax;Ymin;Ymax;REGIONAL;DEPENDENCI;COMISARIA_;VICTIMA;DOMICILIO;VICTIMARIO;VINCULO;AUX</Process></lineage><copyHistory><copy source="D:\OneDrive\Analisis Delito\Homicidios\Capital\Shp\Analisis\Regresion\Shp_Bases\homicidios_2014_jun2020" dest="\\NELSONARG\D$\OneDrive\Analisis Delito\Homicidios\Capital\Shp\homicidios_2014_jun2020" date="20200706" time="22233000"></copy></copyHistory></DataProperties><SyncDate>20210514</SyncDate><SyncTime>14140600</SyncTime><ModDate>20210514</ModDate><ModTime>14140600</ModTime></Esri><dataIdInfo><envirDesc Sync="TRUE"> Version 6.2 (Build 9200) ; Esri ArcGIS 10.8.0.12790</envirDesc><dataLang><languageCode value="spa" Sync="TRUE"></languageCode><countryCode value="ARG" Sync="TRUE"></countryCode></dataLang><idCitation><resTitle Sync="TRUE">homicidios</resTitle><presForm><PresFormCd value="005" Sync="TRUE"></PresFormCd></presForm></idCitation><spatRpType><SpatRepTypCd value="001" Sync="TRUE"></SpatRepTypCd></spatRpType></dataIdInfo><mdLang><languageCode value="spa" Sync="TRUE"></languageCode><countryCode value="ARG" Sync="TRUE"></countryCode></mdLang><mdChar><CharSetCd value="004" Sync="TRUE"></CharSetCd></mdChar><distInfo><distFormat><formatName Sync="TRUE">Shapefile</formatName></distFormat><distTranOps><transSize Sync="TRUE">0.000</transSize></distTranOps></distInfo><mdHrLv><ScopeCd value="005" Sync="TRUE"></ScopeCd></mdHrLv><mdHrLvName Sync="TRUE">dataset</mdHrLvName><refSysInfo><RefSystem><refSysID><identCode code="3857" Sync="TRUE"></identCode><idCodeSpace Sync="TRUE">EPSG</idCodeSpace><idVersion Sync="TRUE">8.8(9.3.1.2)</idVersion></refSysID></RefSystem></refSysInfo><spatRepInfo><VectSpatRep><geometObjs Name="homicidios"><geoObjTyp><GeoObjTypCd value="004" Sync="TRUE"></GeoObjTypCd></geoObjTyp><geoObjCnt Sync="TRUE">0</geoObjCnt></geometObjs><topLvl><TopoLevCd value="001" Sync="TRUE"></TopoLevCd></topLvl></VectSpatRep></spatRepInfo><spdoinfo><ptvctinf><esriterm Name="homicidios"><efeatyp Sync="TRUE">Simple</efeatyp><efeageom code="1" Sync="TRUE"></efeageom><esritopo Sync="TRUE">FALSE</esritopo><efeacnt Sync="TRUE">0</efeacnt><spindex Sync="TRUE">FALSE</spindex><linrefer Sync="TRUE">FALSE</linrefer></esriterm></ptvctinf></spdoinfo><eainfo><detailed Name="homicidios"><enttyp><enttypl Sync="TRUE">homicidios</enttypl><enttypt Sync="TRUE">Feature Class</enttypt><enttypc Sync="TRUE">0</enttypc></enttyp><attr><attrlabl Sync="TRUE">FID</attrlabl><attalias Sync="TRUE">FID</attalias><attrtype Sync="TRUE">OID</attrtype><attwidth Sync="TRUE">4</attwidth><atprecis Sync="TRUE">0</atprecis><attscale Sync="TRUE">0</attscale><attrdef Sync="TRUE">Internal feature number.</attrdef><attrdefs Sync="TRUE">Esri</attrdefs><attrdomv><udom Sync="TRUE">Sequential unique whole numbers that are automatically generated.</udom></attrdomv></attr><attr><attrlabl Sync="TRUE">Shape</attrlabl><attalias Sync="TRUE">Shape</attalias><attrtype Sync="TRUE">Geometry</attrtype><attwidth Sync="TRUE">0</attwidth><atprecis Sync="TRUE">0</atprecis><attscale Sync="TRUE">0</attscale><attrdef Sync="TRUE">Feature geometry.</attrdef><attrdefs Sync="TRUE">Esri</attrdefs><attrdomv><udom Sync="TRUE">Coordinates defining the features.</udom></attrdomv></attr><attr><attrlabl Sync="TRUE">Status</attrlabl><attalias Sync="TRUE">Status</attalias><attrtype Sync="TRUE">String</attrtype><attwidth Sync="TRUE">1</attwidth><atprecis Sync="TRUE">0</atprecis><attscale Sync="TRUE">0</attscale></attr><attr><attrlabl Sync="TRUE">Score</attrlabl><attalias Sync="TRUE">Score</attalias><attrtype Sync="TRUE">Double</attrtype><attwidth Sync="TRUE">19</attwidth><atprecis Sync="TRUE">18</atprecis><attscale Sync="TRUE">2</attscale></attr><attr><attrlabl Sync="TRUE">Match_type</attrlabl><attalias Sync="TRUE">Match_type</attalias><attrtype Sync="TRUE">String</attrtype><attwidth Sync="TRUE">2</attwidth><atprecis Sync="TRUE">0</atprecis><attscale Sync="TRUE">0</attscale></attr><attr><attrlabl Sync="TRUE">Match_addr</attrlabl><attalias Sync="TRUE">Match_addr</attalias><attrtype Sync="TRUE">String</attrtype><attwidth Sync="TRUE">120</attwidth><atprecis Sync="TRUE">0</atprecis><attscale Sync="TRUE">0</attscale></attr><attr><attrlabl Sync="TRUE">Addr_type</attrlabl><attalias Sync="TRUE">Addr_type</attalias><attrtype Sync="TRUE">String</attrtype><attwidth Sync="TRUE">20</attwidth><atprecis Sync="TRUE">0</atprecis><attscale Sync="TRUE">0</attscale></attr><attr><attrlabl Sync="TRUE">AddNum</attrlabl><attalias Sync="TRUE">AddNum</attalias><attrtype Sync="TRUE">String</attrtype><attwidth Sync="TRUE">12</attwidth><atprecis Sync="TRUE">0</atprecis><attscale Sync="TRUE">0</attscale></attr><attr><attrlabl Sync="TRUE">AddNumFrom</attrlabl><attalias Sync="TRUE">AddNumFrom</attalias><attrtype Sync="TRUE">String</attrtype><attwidth Sync="TRUE">10</attwidth><atprecis Sync="TRUE">0</atprecis><attscale Sync="TRUE">0</attscale></attr><attr><attrlabl Sync="TRUE">AddNumTo</attrlabl><attalias Sync="TRUE">AddNumTo</attalias><attrtype Sync="TRUE">String</attrtype><attwidth Sync="TRUE">10</attwidth><atprecis Sync="TRUE">0</atprecis><attscale Sync="TRUE">0</attscale></attr><attr><attrlabl Sync="TRUE">Side</attrlabl><attalias Sync="TRUE">Side</attalias><attrtype Sync="TRUE">String</attrtype><attwidth Sync="TRUE">1</attwidth><atprecis Sync="TRUE">0</atprecis><attscale Sync="TRUE">0</attscale></attr><attr><attrlabl Sync="TRUE">StPreDir</attrlabl><attalias Sync="TRUE">StPreDir</attalias><attrtype Sync="TRUE">String</attrtype><attwidth Sync="TRUE">20</attwidth><atprecis Sync="TRUE">0</atprecis><attscale Sync="TRUE">0</attscale></attr><attr><attrlabl Sync="TRUE">StPreType</attrlabl><attalias Sync="TRUE">StPreType</attalias><attrtype Sync="TRUE">String</attrtype><attwidth Sync="TRUE">20</attwidth><atprecis Sync="TRUE">0</atprecis><attscale Sync="TRUE">0</attscale></attr><attr><attrlabl Sync="TRUE">StName</attrlabl><attalias Sync="TRUE">StName</attalias><attrtype Sync="TRUE">String</attrtype><attwidth Sync="TRUE">70</attwidth><atprecis Sync="TRUE">0</atprecis><attscale Sync="TRUE">0</attscale></attr><attr><attrlabl Sync="TRUE">StType</attrlabl><attalias Sync="TRUE">StType</attalias><attrtype Sync="TRUE">String</attrtype><attwidth Sync="TRUE">20</attwidth><atprecis Sync="TRUE">0</atprecis><attscale Sync="TRUE">0</attscale></attr><attr><attrlabl Sync="TRUE">StDir</attrlabl><attalias Sync="TRUE">StDir</attalias><attrtype Sync="TRUE">String</attrtype><attwidth Sync="TRUE">20</attwidth><atprecis Sync="TRUE">0</atprecis><attscale Sync="TRUE">0</attscale></attr><attr><attrlabl Sync="TRUE">StAddr</attrlabl><attalias Sync="TRUE">StAddr</attalias><attrtype Sync="TRUE">String</attrtype><attwidth Sync="TRUE">120</attwidth><atprecis Sync="TRUE">0</atprecis><attscale Sync="TRUE">0</attscale></attr><attr><attrlabl Sync="TRUE">City</attrlabl><attalias Sync="TRUE">City</attalias><attrtype Sync="TRUE">String</attrtype><attwidth Sync="TRUE">70</attwidth><atprecis Sync="TRUE">0</atprecis><attscale Sync="TRUE">0</attscale></attr><attr><attrlabl Sync="TRUE">County</attrlabl><attalias Sync="TRUE">County</attalias><attrtype Sync="TRUE">String</attrtype><attwidth Sync="TRUE">70</attwidth><atprecis Sync="TRUE">0</atprecis><attscale Sync="TRUE">0</attscale></attr><attr><attrlabl Sync="TRUE">State</attrlabl><attalias Sync="TRUE">State</attalias><attrtype Sync="TRUE">String</attrtype><attwidth Sync="TRUE">100</attwidth><atprecis Sync="TRUE">0</atprecis><attscale Sync="TRUE">0</attscale></attr><attr><attrlabl Sync="TRUE">StateAbbr</attrlabl><attalias Sync="TRUE">StateAbbr</attalias><attrtype Sync="TRUE">String</attrtype><attwidth Sync="TRUE">100</attwidth><atprecis Sync="TRUE">0</atprecis><attscale Sync="TRUE">0</attscale></attr><attr><attrlabl Sync="TRUE">ZIP</attrlabl><attalias Sync="TRUE">ZIP</attalias><attrtype Sync="TRUE">String</attrtype><attwidth Sync="TRUE">10</attwidth><atprecis Sync="TRUE">0</atprecis><attscale Sync="TRUE">0</attscale></attr><attr><attrlabl Sync="TRUE">Country</attrlabl><attalias Sync="TRUE">Country</attalias><attrtype Sync="TRUE">String</attrtype><attwidth Sync="TRUE">3</attwidth><atprecis Sync="TRUE">0</atprecis><attscale Sync="TRUE">0</attscale></attr><attr><attrlabl Sync="TRUE">LangCode</attrlabl><attalias Sync="TRUE">LangCode</attalias><attrtype Sync="TRUE">String</attrtype><attwidth Sync="TRUE">3</attwidth><atprecis Sync="TRUE">0</atprecis><attscale Sync="TRUE">0</attscale></attr><attr><attrlabl Sync="TRUE">Distance</attrlabl><attalias Sync="TRUE">Distance</attalias><attrtype Sync="TRUE">Double</attrtype><attwidth Sync="TRUE">19</attwidth><atprecis Sync="TRUE">18</atprecis><attscale Sync="TRUE">2</attscale></attr><attr><attrlabl Sync="TRUE">X</attrlabl><attalias Sync="TRUE">X</attalias><attrtype Sync="TRUE">Double</attrtype><attwidth Sync="TRUE">19</attwidth><atprecis Sync="TRUE">18</atprecis><attscale Sync="TRUE">6</attscale></attr><attr><attrlabl Sync="TRUE">Y</attrlabl><attalias Sync="TRUE">Y</attalias><attrtype Sync="TRUE">Double</attrtype><attwidth Sync="TRUE">19</attwidth><atprecis Sync="TRUE">18</atprecis><attscale Sync="TRUE">6</attscale></attr><attr><attrlabl Sync="TRUE">DisplayX</attrlabl><attalias Sync="TRUE">DisplayX</attalias><attrtype Sync="TRUE">Double</attrtype><attwidth Sync="TRUE">19</attwidth><atprecis Sync="TRUE">18</atprecis><attscale Sync="TRUE">6</attscale></attr><attr><attrlabl Sync="TRUE">DisplayY</attrlabl><attalias Sync="TRUE">DisplayY</attalias><attrtype Sync="TRUE">Double</attrtype><attwidth Sync="TRUE">19</attwidth><atprecis Sync="TRUE">18</atprecis><attscale Sync="TRUE">6</attscale></attr><attr><attrlabl Sync="TRUE">Xmin</attrlabl><attalias Sync="TRUE">Xmin</attalias><attrtype Sync="TRUE">Double</attrtype><attwidth Sync="TRUE">19</attwidth><atprecis Sync="TRUE">18</atprecis><attscale Sync="TRUE">6</attscale></attr><attr><attrlabl Sync="TRUE">Xmax</attrlabl><attalias Sync="TRUE">Xmax</attalias><attrtype Sync="TRUE">Double</attrtype><attwidth Sync="TRUE">19</attwidth><atprecis Sync="TRUE">18</atprecis><attscale Sync="TRUE">6</attscale></attr><attr><attrlabl Sync="TRUE">Ymin</attrlabl><attalias Sync="TRUE">Ymin</attalias><attrtype Sync="TRUE">Double</attrtype><attwidth Sync="TRUE">19</attwidth><atprecis Sync="TRUE">18</atprecis><attscale Sync="TRUE">6</attscale></attr><attr><attrlabl Sync="TRUE">Ymax</attrlabl><attalias Sync="TRUE">Ymax</attalias><attrtype Sync="TRUE">Double</attrtype><attwidth Sync="TRUE">19</attwidth><atprecis Sync="TRUE">18</atprecis><attscale Sync="TRUE">6</attscale></attr><attr><attrlabl Sync="TRUE">ARC_Street</attrlabl><attalias Sync="TRUE">ARC_Street</attalias><attrtype Sync="TRUE">String</attrtype><attwidth Sync="TRUE">100</attwidth><atprecis Sync="TRUE">0</atprecis><attscale Sync="TRUE">0</attscale></attr><attr><attrlabl Sync="TRUE">ID</attrlabl><attalias Sync="TRUE">ID</attalias><attrtype Sync="TRUE">Double</attrtype><attwidth Sync="TRUE">19</attwidth><atprecis Sync="TRUE">18</atprecis><attscale Sync="TRUE">6</attscale></attr><attr><attrlabl Sync="TRUE">MOVIL</attrlabl><attalias Sync="TRUE">MOVIL</attalias><attrtype Sync="TRUE">String</attrtype><attwidth Sync="TRUE">254</attwidth><atprecis Sync="TRUE">0</atprecis><attscale Sync="TRUE">0</attscale></attr><attr><attrlabl Sync="TRUE">REGIONAL</attrlabl><attalias Sync="TRUE">REGIONAL</attalias><attrtype Sync="TRUE">String</attrtype><attwidth Sync="TRUE">254</attwidth><atprecis Sync="TRUE">0</atprecis><attscale Sync="TRUE">0</attscale></attr><attr><attrlabl Sync="TRUE">DEPENDENCI</attrlabl><attalias Sync="TRUE">DEPENDENCI</attalias><attrtype Sync="TRUE">String</attrtype><attwidth Sync="TRUE">254</attwidth><atprecis Sync="TRUE">0</atprecis><attscale Sync="TRUE">0</attscale></attr><attr><attrlabl Sync="TRUE">COMISARIA_</attrlabl><attalias Sync="TRUE">COMISARIA_</attalias><attrtype Sync="TRUE">Double</attrtype><attwidth Sync="TRUE">19</attwidth><atprecis Sync="TRUE">18</atprecis><attscale Sync="TRUE">6</attscale></attr><attr><attrlabl Sync="TRUE">DIA_SEM</attrlabl><attalias Sync="TRUE">DIA_SEM</attalias><attrtype Sync="TRUE">String</attrtype><attwidth Sync="TRUE">254</attwidth><atprecis Sync="TRUE">0</atprecis><attscale Sync="TRUE">0</attscale></attr><attr><attrlabl Sync="TRUE">MES_TEXTO</attrlabl><attalias Sync="TRUE">MES_TEXTO</attalias><attrtype Sync="TRUE">String</attrtype><attwidth Sync="TRUE">254</attwidth><atprecis Sync="TRUE">0</atprecis><attscale Sync="TRUE">0</attscale></attr><attr><attrlabl Sync="TRUE">MES_NUM</attrlabl><attalias Sync="TRUE">MES_NUM</attalias><attrtype Sync="TRUE">Double</attrtype><attwidth Sync="TRUE">19</attwidth><atprecis Sync="TRUE">18</atprecis><attscale Sync="TRUE">6</attscale></attr><attr><attrlabl Sync="TRUE">DIA_NUM</attrlabl><attalias Sync="TRUE">DIA_NUM</attalias><attrtype Sync="TRUE">Double</attrtype><attwidth Sync="TRUE">19</attwidth><atprecis Sync="TRUE">18</atprecis><attscale Sync="TRUE">6</attscale></attr><attr><attrlabl Sync="TRUE">ANIO_NUM</attrlabl><attalias Sync="TRUE">ANIO_NUM</attalias><attrtype Sync="TRUE">Double</attrtype><attwidth Sync="TRUE">19</attwidth><atprecis Sync="TRUE">18</atprecis><attscale Sync="TRUE">6</attscale></attr><attr><attrlabl Sync="TRUE">FECHA_TEXT</attrlabl><attalias Sync="TRUE">FECHA_TEXT</attalias><attrtype Sync="TRUE">String</attrtype><attwidth Sync="TRUE">254</attwidth><atprecis Sync="TRUE">0</atprecis><attscale Sync="TRUE">0</attscale></attr><attr><attrlabl Sync="TRUE">FECHA_DATE</attrlabl><attalias Sync="TRUE">FECHA_DATE</attalias><attrtype Sync="TRUE">Date</attrtype><attwidth Sync="TRUE">8</attwidth><atprecis Sync="TRUE">0</atprecis><attscale Sync="TRUE">0</attscale></attr><attr><attrlabl Sync="TRUE">HORA</attrlabl><attalias Sync="TRUE">HORA</attalias><attrtype Sync="TRUE">String</attrtype><attwidth Sync="TRUE">254</attwidth><atprecis Sync="TRUE">0</atprecis><attscale Sync="TRUE">0</attscale></attr><attr><attrlabl Sync="TRUE">DEPARTAMEN</attrlabl><attalias Sync="TRUE">DEPARTAMEN</attalias><attrtype Sync="TRUE">String</attrtype><attwidth Sync="TRUE">254</attwidth><atprecis Sync="TRUE">0</atprecis><attscale Sync="TRUE">0</attscale></attr><attr><attrlabl Sync="TRUE">LOCALIDAD</attrlabl><attalias Sync="TRUE">LOCALIDAD</attalias><attrtype Sync="TRUE">String</attrtype><attwidth Sync="TRUE">254</attwidth><atprecis Sync="TRUE">0</atprecis><attscale Sync="TRUE">0</attscale></attr><attr><attrlabl Sync="TRUE">UBICACIÓN</attrlabl><attalias Sync="TRUE">UBICACIÓN</attalias><attrtype Sync="TRUE">String</attrtype><attwidth Sync="TRUE">254</attwidth><atprecis Sync="TRUE">0</atprecis><attscale Sync="TRUE">0</attscale></attr><attr><attrlabl Sync="TRUE">UBICACION</attrlabl><attalias Sync="TRUE">UBICACION</attalias><attrtype Sync="TRUE">String</attrtype><attwidth Sync="TRUE">254</attwidth><atprecis Sync="TRUE">0</atprecis><attscale Sync="TRUE">0</attscale></attr><attr><attrlabl Sync="TRUE">VICTIMA</attrlabl><attalias Sync="TRUE">VICTIMA</attalias><attrtype Sync="TRUE">String</attrtype><attwidth Sync="TRUE">254</attwidth><atprecis Sync="TRUE">0</atprecis><attscale Sync="TRUE">0</attscale></attr><attr><attrlabl Sync="TRUE">CANT_VICTI</attrlabl><attalias Sync="TRUE">CANT_VICTI</attalias><attrtype Sync="TRUE">Double</attrtype><attwidth Sync="TRUE">19</attwidth><atprecis Sync="TRUE">18</atprecis><attscale Sync="TRUE">6</attscale></attr><attr><attrlabl Sync="TRUE">SEXO</attrlabl><attalias Sync="TRUE">SEXO</attalias><attrtype Sync="TRUE">String</attrtype><attwidth Sync="TRUE">254</attwidth><atprecis Sync="TRUE">0</atprecis><attscale Sync="TRUE">0</attscale></attr><attr><attrlabl Sync="TRUE">EDAD</attrlabl><attalias Sync="TRUE">EDAD</attalias><attrtype Sync="TRUE">Double</attrtype><attwidth Sync="TRUE">19</attwidth><atprecis Sync="TRUE">18</atprecis><attscale Sync="TRUE">6</attscale></attr><attr><attrlabl Sync="TRUE">DOMICILIO</attrlabl><attalias Sync="TRUE">DOMICILIO</attalias><attrtype Sync="TRUE">String</attrtype><attwidth Sync="TRUE">254</attwidth><atprecis Sync="TRUE">0</atprecis><attscale Sync="TRUE">0</attscale></attr><attr><attrlabl Sync="TRUE">VICTIMARIO</attrlabl><attalias Sync="TRUE">VICTIMARIO</attalias><attrtype Sync="TRUE">String</attrtype><attwidth Sync="TRUE">254</attwidth><atprecis Sync="TRUE">0</atprecis><attscale Sync="TRUE">0</attscale></attr><attr><attrlabl Sync="TRUE">PARENTESCO</attrlabl><attalias Sync="TRUE">PARENTESCO</attalias><attrtype Sync="TRUE">String</attrtype><attwidth Sync="TRUE">254</attwidth><atprecis Sync="TRUE">0</atprecis><attscale Sync="TRUE">0</attscale></attr><attr><attrlabl Sync="TRUE">PARENT_NUM</attrlabl><attalias Sync="TRUE">PARENT_NUM</attalias><attrtype Sync="TRUE">Double</attrtype><attwidth Sync="TRUE">19</attwidth><atprecis Sync="TRUE">18</atprecis><attscale Sync="TRUE">6</attscale></attr><attr><attrlabl Sync="TRUE">VINCULO</attrlabl><attalias Sync="TRUE">VINCULO</attalias><attrtype Sync="TRUE">Double</attrtype><attwidth Sync="TRUE">19</attwidth><atprecis Sync="TRUE">18</atprecis><attscale Sync="TRUE">6</attscale></attr><attr><attrlabl Sync="TRUE">ARMA_OTROS</attrlabl><attalias Sync="TRUE">ARMA_OTROS</attalias><attrtype Sync="TRUE">String</attrtype><attwidth Sync="TRUE">254</attwidth><atprecis Sync="TRUE">0</atprecis><attscale Sync="TRUE">0</attscale></attr><attr><attrlabl Sync="TRUE">MOVIL2</attrlabl><attalias Sync="TRUE">MOVIL2</attalias><attrtype Sync="TRUE">String</attrtype><attwidth Sync="TRUE">254</attwidth><atprecis Sync="TRUE">0</atprecis><attscale Sync="TRUE">0</attscale></attr><attr><attrlabl Sync="TRUE">ARMA</attrlabl><attalias Sync="TRUE">ARMA</attalias><attrtype Sync="TRUE">Double</attrtype><attwidth Sync="TRUE">19</attwidth><atprecis Sync="TRUE">18</atprecis><attscale Sync="TRUE">6</attscale></attr><attr><attrlabl Sync="TRUE">HORA_NUM</attrlabl><attalias Sync="TRUE">HORA_NUM</attalias><attrtype Sync="TRUE">Double</attrtype><attwidth Sync="TRUE">19</attwidth><atprecis Sync="TRUE">18</atprecis><attscale Sync="TRUE">6</attscale></attr><attr><attrlabl Sync="TRUE">TIPO_LUGAR</attrlabl><attalias Sync="TRUE">TIPO_LUGAR</attalias><attrtype Sync="TRUE">String</attrtype><attwidth Sync="TRUE">254</attwidth><atprecis Sync="TRUE">0</atprecis><attscale Sync="TRUE">0</attscale></attr><attr><attrlabl Sync="TRUE">PROVINCIA</attrlabl><attalias Sync="TRUE">PROVINCIA</attalias><attrtype Sync="TRUE">String</attrtype><attwidth Sync="TRUE">254</attwidth><atprecis Sync="TRUE">0</atprecis><attscale Sync="TRUE">0</attscale></attr><attr><attrlabl Sync="TRUE">AREA</attrlabl><attalias Sync="TRUE">AREA</attalias><attrtype Sync="TRUE">String</attrtype><attwidth Sync="TRUE">254</attwidth><atprecis Sync="TRUE">0</atprecis><attscale Sync="TRUE">0</attscale></attr><attr><attrlabl Sync="TRUE">AUX</attrlabl><attalias Sync="TRUE">AUX</attalias><attrtype Sync="TRUE">Double</attrtype><attwidth Sync="TRUE">19</attwidth><atprecis Sync="TRUE">18</atprecis><attscale Sync="TRUE">6</attscale></attr></detailed></eainfo><mdDateSt Sync="TRUE">20210514</mdDateSt></metadata>
